ALTER TABLE version CHANGE COLUMN required_2161_01_world_spells required_2162_01_world_gossip_menu bit;

/*
Navicat MySQL Data Transfer

Source Server         : localhost
Source Server Version : 50402
Source Host           : localhost:3306
Source Database       : world

Target Server Type    : MYSQL
Target Server Version : 50402
File Encoding         : 65001

Date: 2009-12-08 14:19:15
*/

SET FOREIGN_KEY_CHECKS=0;
-- ----------------------------
-- Table structure for `gossip_menu`
-- ----------------------------
DROP TABLE IF EXISTS `gossip_menu`;
CREATE TABLE `gossip_menu` (
  `entry` smallint(6) unsigned NOT NULL DEFAULT '0',
  `text_id` mediumint(8) unsigned NOT NULL DEFAULT '0',
  `cond_1` tinyint(3) unsigned NOT NULL DEFAULT '0',
  `cond_1_val_1` mediumint(8) unsigned NOT NULL DEFAULT '0',
  `cond_1_val_2` mediumint(8) unsigned NOT NULL DEFAULT '0',
  `cond_2` tinyint(3) unsigned NOT NULL DEFAULT '0',
  `cond_2_val_1` mediumint(8) unsigned NOT NULL DEFAULT '0',
  `cond_2_val_2` mediumint(8) unsigned NOT NULL DEFAULT '0',
  PRIMARY KEY (`entry`,`text_id`)
) ENGINE=MyISAM DEFAULT CHARSET=utf8;

-- ----------------------------
-- Records of gossip_menu
-- ----------------------------
INSERT INTO `gossip_menu` VALUES ('10081', '13999', '0', '0', '0', '0', '0', '0');
INSERT INTO `gossip_menu` VALUES ('10080', '13998', '0', '0', '0', '0', '0', '0');
INSERT INTO `gossip_menu` VALUES ('10097', '14018', '0', '0', '0', '0', '0', '0');
INSERT INTO `gossip_menu` VALUES ('10055', '13974', '0', '0', '0', '0', '0', '0');
INSERT INTO `gossip_menu` VALUES ('10087', '14005', '0', '0', '0', '0', '0', '0');
INSERT INTO `gossip_menu` VALUES ('10088', '14006', '0', '0', '0', '0', '0', '0');
INSERT INTO `gossip_menu` VALUES ('10089', '14007', '0', '0', '0', '0', '0', '0');
INSERT INTO `gossip_menu` VALUES ('10053', '13972', '0', '0', '0', '0', '0', '0');
INSERT INTO `gossip_menu` VALUES ('10054', '13973', '0', '0', '0', '0', '0', '0');
INSERT INTO `gossip_menu` VALUES ('10092', '14010', '0', '0', '0', '0', '0', '0');
INSERT INTO `gossip_menu` VALUES ('10050', '13969', '0', '0', '0', '0', '0', '0');
INSERT INTO `gossip_menu` VALUES ('10044', '13960', '0', '0', '0', '0', '0', '0');
INSERT INTO `gossip_menu` VALUES ('10045', '13961', '0', '0', '0', '0', '0', '0');
INSERT INTO `gossip_menu` VALUES ('10057', '13976', '0', '0', '0', '0', '0', '0');
INSERT INTO `gossip_menu` VALUES ('10056', '13975', '0', '0', '0', '0', '0', '0');
INSERT INTO `gossip_menu` VALUES ('10082', '14000', '0', '0', '0', '0', '0', '0');
INSERT INTO `gossip_menu` VALUES ('10078', '13996', '0', '0', '0', '0', '0', '0');
INSERT INTO `gossip_menu` VALUES ('10168', '14113', '0', '0', '0', '0', '0', '0');
INSERT INTO `gossip_menu` VALUES ('10173', '14117', '0', '0', '0', '0', '0', '0');
INSERT INTO `gossip_menu` VALUES ('10043', '14013', '0', '0', '0', '0', '0', '0');
INSERT INTO `gossip_menu` VALUES ('20000', '10613', '0', '0', '0', '0', '0', '0');
INSERT INTO `gossip_menu` VALUES ('20001', '10614', '0', '0', '0', '0', '0', '0');
INSERT INTO `gossip_menu` VALUES ('20002', '10615', '0', '0', '0', '0', '0', '0');
INSERT INTO `gossip_menu` VALUES ('20003', '10616', '0', '0', '0', '0', '0', '0');

-- ----------------------------
-- Table structure for `gossip_menu_option`
-- ----------------------------
DROP TABLE IF EXISTS `gossip_menu_option`;
CREATE TABLE `gossip_menu_option` (
  `menu_id` smallint(6) unsigned NOT NULL DEFAULT '0',
  `id` smallint(6) unsigned NOT NULL DEFAULT '0',
  `option_icon` mediumint(8) unsigned NOT NULL DEFAULT '0',
  `option_text` text,
  `option_id` tinyint(3) unsigned NOT NULL DEFAULT '0',
  `npc_option_npcflag` int(10) unsigned NOT NULL DEFAULT '0',
  `action_menu_id` mediumint(8) unsigned NOT NULL DEFAULT '0',
  `action_poi_id` mediumint(8) unsigned NOT NULL DEFAULT '0',
  `action_script_id` mediumint(8) unsigned NOT NULL DEFAULT '0',
  `box_coded` tinyint(3) unsigned NOT NULL DEFAULT '0',
  `box_money` int(11) unsigned NOT NULL DEFAULT '0',
  `box_text` text,
  `cond_1` tinyint(3) unsigned NOT NULL DEFAULT '0',
  `cond_1_val_1` mediumint(8) unsigned NOT NULL DEFAULT '0',
  `cond_1_val_2` mediumint(8) unsigned NOT NULL DEFAULT '0',
  `cond_2` tinyint(3) unsigned NOT NULL DEFAULT '0',
  `cond_2_val_1` mediumint(8) unsigned NOT NULL DEFAULT '0',
  `cond_2_val_2` mediumint(8) unsigned NOT NULL DEFAULT '0',
  `cond_3` tinyint(3) unsigned NOT NULL DEFAULT '0',
  `cond_3_val_1` mediumint(8) unsigned NOT NULL DEFAULT '0',
  `cond_3_val_2` mediumint(8) unsigned NOT NULL DEFAULT '0',
  PRIMARY KEY (`menu_id`,`id`)
) ENGINE=MyISAM DEFAULT CHARSET=utf8;

-- ----------------------------
-- Records of gossip_menu_option
-- ----------------------------
INSERT INTO `gossip_menu_option` VALUES ('0', '0', '0', 'GOSSIP_OPTION_QUESTGIVER', '2', '2', '0', '0', '0', '0', '0', null, '0', '0', '0', '0', '0', '0', '0', '0', '0');
INSERT INTO `gossip_menu_option` VALUES ('0', '1', '1', 'I want to browse your goods.', '3', '128', '0', '0', '0', '0', '0', null, '0', '0', '0', '0', '0', '0', '0', '0', '0');
INSERT INTO `gossip_menu_option` VALUES ('0', '2', '2', 'I need a ride.', '4', '8192', '0', '0', '0', '0', '0', null, '0', '0', '0', '0', '0', '0', '0', '0', '0');
INSERT INTO `gossip_menu_option` VALUES ('0', '3', '3', 'Train me.', '5', '16', '0', '0', '0', '0', '0', null, '0', '0', '0', '0', '0', '0', '0', '0', '0');
INSERT INTO `gossip_menu_option` VALUES ('0', '4', '4', 'GOSSIP_OPTION_SPIRITHEALER', '6', '16384', '0', '0', '0', '0', '0', null, '0', '0', '0', '0', '0', '0', '0', '0', '0');
INSERT INTO `gossip_menu_option` VALUES ('0', '5', '4', 'GOSSIP_OPTION_SPIRITGUIDE', '7', '32768', '0', '0', '0', '0', '0', null, '0', '0', '0', '0', '0', '0', '0', '0', '0');
INSERT INTO `gossip_menu_option` VALUES ('0', '6', '5', 'Make this inn your home.', '8', '65536', '0', '0', '0', '0', '0', null, '0', '0', '0', '0', '0', '0', '0', '0', '0');
INSERT INTO `gossip_menu_option` VALUES ('0', '7', '6', 'GOSSIP_OPTION_BANKER', '9', '131072', '0', '0', '0', '0', '0', null, '0', '0', '0', '0', '0', '0', '0', '0', '0');
INSERT INTO `gossip_menu_option` VALUES ('0', '8', '7', 'How do I form a guild?', '10', '262144', '0', '0', '0', '0', '0', null, '0', '0', '0', '0', '0', '0', '0', '0', '0');
INSERT INTO `gossip_menu_option` VALUES ('0', '9', '8', 'I want to create a guild crest.', '11', '524288', '0', '0', '0', '0', '0', null, '0', '0', '0', '0', '0', '0', '0', '0', '0');
INSERT INTO `gossip_menu_option` VALUES ('0', '10', '9', 'GOSSIP_OPTION_BATTLEFIELD', '12', '1048576', '0', '0', '0', '0', '0', null, '0', '0', '0', '0', '0', '0', '0', '0', '0');
INSERT INTO `gossip_menu_option` VALUES ('0', '11', '6', 'GOSSIP_OPTION_AUCTIONEER', '13', '2097152', '0', '0', '0', '0', '0', null, '0', '0', '0', '0', '0', '0', '0', '0', '0');
INSERT INTO `gossip_menu_option` VALUES ('0', '12', '0', 'I\'d like to stable my pet here.', '14', '4194304', '0', '0', '0', '0', '0', null, '0', '0', '0', '0', '0', '0', '0', '0', '0');
INSERT INTO `gossip_menu_option` VALUES ('0', '13', '1', 'GOSSIP_OPTION_ARMORER', '15', '4096', '0', '0', '0', '0', '0', null, '0', '0', '0', '0', '0', '0', '0', '0', '0');
INSERT INTO `gossip_menu_option` VALUES ('0', '14', '2', 'I wish to unlearn my talents.', '16', '16', '0', '0', '0', '0', '0', null, '0', '0', '0', '0', '0', '0', '0', '0', '0');
INSERT INTO `gossip_menu_option` VALUES ('0', '15', '2', 'I wish to unlearn my pet\'s skills.', '17', '16', '0', '0', '0', '0', '0', null, '0', '0', '0', '0', '0', '0', '0', '0', '0');
INSERT INTO `gossip_menu_option` VALUES ('0', '16', '1', 'Purchase a Dual Talent Specialization.', '18', '16', '0', '0', '0', '0', '10000000', 'Are you sure you wish to purchase a Dual Talent Specialization?', '0', '0', '0', '0', '0', '0', '0', '0', '0');
INSERT INTO `gossip_menu_option` VALUES ('10043', '1', '0', 'Auction House', '1', '1', '10092', '0', '0', '0', '0', null, '0', '0', '0', '0', '0', '0', '0', '0', '0');
INSERT INTO `gossip_menu_option` VALUES ('10043', '2', '0', 'Bank', '1', '1', '10089', '0', '0', '0', '0', null, '0', '0', '0', '0', '0', '0', '0', '0', '0');
INSERT INTO `gossip_menu_option` VALUES ('10043', '3', '0', 'Barber', '1', '1', '0', '0', '0', '0', '0', null, '0', '0', '0', '0', '0', '0', '0', '0', '0');
INSERT INTO `gossip_menu_option` VALUES ('10043', '4', '0', 'Battlemasters', '1', '1', '0', '0', '0', '0', '0', null, '0', '0', '0', '0', '0', '0', '0', '0', '0');
INSERT INTO `gossip_menu_option` VALUES ('10043', '5', '0', 'Capital Portals', '1', '1', '0', '0', '0', '0', '0', null, '0', '0', '0', '0', '0', '0', '0', '0', '0');
INSERT INTO `gossip_menu_option` VALUES ('10043', '6', '0', 'Flight Master', '1', '1', '0', '0', '0', '0', '0', null, '0', '0', '0', '0', '0', '0', '0', '0', '0');
INSERT INTO `gossip_menu_option` VALUES ('10043', '7', '0', 'Guild Master', '1', '1', '0', '0', '0', '0', '0', null, '0', '0', '0', '0', '0', '0', '0', '0', '0');
INSERT INTO `gossip_menu_option` VALUES ('10043', '8', '0', 'Inn', '1', '1', '0', '0', '0', '0', '0', null, '0', '0', '0', '0', '0', '0', '0', '0', '0');
INSERT INTO `gossip_menu_option` VALUES ('10043', '9', '0', 'Locksmith', '1', '1', '0', '0', '0', '0', '0', null, '0', '0', '0', '0', '0', '0', '0', '0', '0');
INSERT INTO `gossip_menu_option` VALUES ('10043', '10', '0', 'Mailbox', '1', '1', '14008', '0', '0', '0', '0', null, '0', '0', '0', '0', '0', '0', '0', '0', '0');
INSERT INTO `gossip_menu_option` VALUES ('10043', '11', '0', 'Points of Interest', '1', '1', '10056', '0', '0', '0', '0', null, '0', '0', '0', '0', '0', '0', '0', '0', '0');
INSERT INTO `gossip_menu_option` VALUES ('10043', '12', '0', 'Stable Master', '1', '1', '0', '0', '0', '0', '0', null, '0', '0', '0', '0', '0', '0', '0', '0', '0');
INSERT INTO `gossip_menu_option` VALUES ('10043', '13', '0', 'Trainers', '1', '1', '10082', '0', '0', '0', '0', null, '0', '0', '0', '0', '0', '0', '0', '0', '0');
INSERT INTO `gossip_menu_option` VALUES ('10043', '14', '0', 'Vendors', '1', '1', '10173', '0', '0', '0', '0', null, '0', '0', '0', '0', '0', '0', '0', '0', '0');
INSERT INTO `gossip_menu_option` VALUES ('10057', '0', '0', 'Eastern Sewer Entrance', '1', '1', '10045', '0', '0', '0', '0', null, '0', '0', '0', '0', '0', '0', '0', '0', '0');
INSERT INTO `gossip_menu_option` VALUES ('10057', '1', '0', 'Western Sewer Entrance', '1', '1', '10044', '0', '0', '0', '0', null, '0', '0', '0', '0', '0', '0', '0', '0', '0');
INSERT INTO `gossip_menu_option` VALUES ('10057', '2', '0', 'Well Entrance', '1', '1', '10050', '0', '0', '0', '0', null, '0', '0', '0', '0', '0', '0', '0', '0', '0');
INSERT INTO `gossip_menu_option` VALUES ('10092', '0', '0', 'The Alliance Quarter', '1', '1', '10054', '0', '0', '0', '0', null, '0', '0', '0', '0', '0', '0', '0', '0', '0');
INSERT INTO `gossip_menu_option` VALUES ('10092', '1', '0', 'The Horde Quarter', '1', '1', '10053', '0', '0', '0', '0', null, '0', '0', '0', '0', '0', '0', '0', '0', '0');
INSERT INTO `gossip_menu_option` VALUES ('10089', '0', '0', 'Northern Bank', '1', '1', '10088', '0', '0', '0', '0', null, '0', '0', '0', '0', '0', '0', '0', '0', '0');
INSERT INTO `gossip_menu_option` VALUES ('10089', '1', '0', 'Southern Bank', '1', '1', '10087', '0', '0', '0', '0', null, '0', '0', '0', '0', '0', '0', '0', '0', '0');
INSERT INTO `gossip_menu_option` VALUES ('10089', '2', '0', 'Sewers', '1', '1', '10055', '0', '0', '0', '0', null, '0', '0', '0', '0', '0', '0', '0', '0', '0');
INSERT INTO `gossip_menu_option` VALUES ('10055', '0', '0', 'Eastern Sewer Entrance', '1', '1', '10045', '0', '0', '0', '0', null, '0', '0', '0', '0', '0', '0', '0', '0', '0');
INSERT INTO `gossip_menu_option` VALUES ('10055', '1', '0', 'Western Sewer Entrance', '1', '1', '10044', '0', '0', '0', '0', null, '0', '0', '0', '0', '0', '0', '0', '0', '0');
INSERT INTO `gossip_menu_option` VALUES ('10055', '2', '0', 'Well Entrance', '1', '1', '10050', '0', '0', '0', '0', null, '0', '0', '0', '0', '0', '0', '0', '0', '0');
INSERT INTO `gossip_menu_option` VALUES ('10056', '0', '0', 'The Alliance Quarter', '1', '1', '0', '0', '0', '0', '0', null, '0', '0', '0', '0', '0', '0', '0', '0', '0');
INSERT INTO `gossip_menu_option` VALUES ('10056', '1', '0', 'The Horde Quarter', '1', '1', '0', '0', '0', '0', '0', null, '0', '0', '0', '0', '0', '0', '0', '0', '0');
INSERT INTO `gossip_menu_option` VALUES ('10056', '2', '0', 'The Violet Citadel', '1', '1', '0', '0', '0', '0', '0', null, '0', '0', '0', '0', '0', '0', '0', '0', '0');
INSERT INTO `gossip_menu_option` VALUES ('10056', '3', '0', 'The Violet Hold', '1', '1', '0', '0', '0', '0', '0', null, '0', '0', '0', '0', '0', '0', '0', '0', '0');
INSERT INTO `gossip_menu_option` VALUES ('10056', '4', '0', 'Sewers', '1', '1', '0', '0', '0', '0', '0', null, '0', '0', '0', '0', '0', '0', '0', '0', '0');
INSERT INTO `gossip_menu_option` VALUES ('10056', '5', '0', 'Trade District', '1', '1', '0', '0', '0', '0', '0', null, '0', '0', '0', '0', '0', '0', '0', '0', '0');
INSERT INTO `gossip_menu_option` VALUES ('10056', '6', '0', 'Krasus\' Landing', '1', '1', '0', '0', '0', '0', '0', null, '0', '0', '0', '0', '0', '0', '0', '0', '0');
INSERT INTO `gossip_menu_option` VALUES ('10056', '7', '0', 'Antonidas Memorial', '1', '1', '0', '0', '0', '0', '0', null, '0', '0', '0', '0', '0', '0', '0', '0', '0');
INSERT INTO `gossip_menu_option` VALUES ('10056', '8', '0', 'Runeweaver Square', '1', '1', '0', '0', '0', '0', '0', null, '0', '0', '0', '0', '0', '0', '0', '0', '0');
INSERT INTO `gossip_menu_option` VALUES ('10056', '9', '0', 'The Eventide', '1', '1', '0', '0', '0', '0', '0', null, '0', '0', '0', '0', '0', '0', '0', '0', '0');
INSERT INTO `gossip_menu_option` VALUES ('10056', '10', '0', 'Cemetery', '1', '1', '0', '0', '0', '0', '0', null, '0', '0', '0', '0', '0', '0', '0', '0', '0');
INSERT INTO `gossip_menu_option` VALUES ('10056', '11', '0', 'Lexicon of Power', '1', '1', '0', '0', '0', '0', '0', null, '0', '0', '0', '0', '0', '0', '0', '0', '0');
INSERT INTO `gossip_menu_option` VALUES ('10173', '0', '0', 'Armor', '1', '1', '0', '0', '0', '0', '0', null, '0', '0', '0', '0', '0', '0', '0', '0', '0');
INSERT INTO `gossip_menu_option` VALUES ('10173', '1', '0', 'Clothing', '1', '1', '0', '0', '0', '0', '0', null, '0', '0', '0', '0', '0', '0', '0', '0', '0');
INSERT INTO `gossip_menu_option` VALUES ('10173', '2', '0', 'Emblem Gear', '1', '1', '0', '0', '0', '0', '0', null, '0', '0', '0', '0', '0', '0', '0', '0', '0');
INSERT INTO `gossip_menu_option` VALUES ('10173', '3', '0', 'Flowers', '1', '1', '0', '0', '0', '0', '0', null, '0', '0', '0', '0', '0', '0', '0', '0', '0');
INSERT INTO `gossip_menu_option` VALUES ('10173', '4', '0', 'Fruit', '1', '1', '0', '0', '0', '0', '0', null, '0', '0', '0', '0', '0', '0', '0', '0', '0');
INSERT INTO `gossip_menu_option` VALUES ('10173', '5', '0', 'General Goods', '1', '1', '0', '0', '0', '0', '0', null, '0', '0', '0', '0', '0', '0', '0', '0', '0');
INSERT INTO `gossip_menu_option` VALUES ('10173', '6', '0', 'Jewelry', '1', '1', '0', '0', '0', '0', '0', null, '0', '0', '0', '0', '0', '0', '0', '0', '0');
INSERT INTO `gossip_menu_option` VALUES ('10173', '7', '0', 'Pet Supplies & Exotic Mounts', '1', '1', '0', '0', '0', '0', '0', null, '0', '0', '0', '0', '0', '0', '0', '0', '0');
INSERT INTO `gossip_menu_option` VALUES ('10173', '8', '0', 'Pie, Pastry & Cakes', '1', '1', '0', '0', '0', '0', '0', null, '0', '0', '0', '0', '0', '0', '0', '0', '0');
INSERT INTO `gossip_menu_option` VALUES ('10173', '9', '0', 'Reagents & Magical Goods', '1', '1', '0', '0', '0', '0', '0', null, '0', '0', '0', '0', '0', '0', '0', '0', '0');
INSERT INTO `gossip_menu_option` VALUES ('10173', '10', '0', 'Toys', '1', '1', '0', '0', '0', '0', '0', null, '0', '0', '0', '0', '0', '0', '0', '0', '0');
INSERT INTO `gossip_menu_option` VALUES ('10173', '11', '0', 'Trade Supplies', '1', '1', '0', '0', '0', '0', '0', null, '0', '0', '0', '0', '0', '0', '0', '0', '0');
INSERT INTO `gossip_menu_option` VALUES ('10173', '12', '0', 'Trinkets, Relics & Off-hand Items', '1', '1', '0', '0', '0', '0', '0', null, '0', '0', '0', '0', '0', '0', '0', '0', '0');
INSERT INTO `gossip_menu_option` VALUES ('10173', '13', '0', 'Weapons', '1', '1', '10168', '0', '0', '0', '0', null, '0', '0', '0', '0', '0', '0', '0', '0', '0');
INSERT INTO `gossip_menu_option` VALUES ('10173', '14', '0', 'Wine & Cheese', '1', '1', '0', '0', '0', '0', '0', null, '0', '0', '0', '0', '0', '0', '0', '0', '0');
INSERT INTO `gossip_menu_option` VALUES ('10168', '0', '0', 'Melee Weapons', '1', '1', '0', '0', '0', '0', '0', null, '0', '0', '0', '0', '0', '0', '0', '0', '0');
INSERT INTO `gossip_menu_option` VALUES ('10168', '1', '0', 'Ranged & Thrown Weapons', '1', '1', '0', '0', '0', '0', '0', null, '0', '0', '0', '0', '0', '0', '0', '0', '0');
INSERT INTO `gossip_menu_option` VALUES ('10168', '2', '0', 'Staves & Wands', '1', '1', '0', '0', '0', '0', '0', null, '0', '0', '0', '0', '0', '0', '0', '0', '0');
INSERT INTO `gossip_menu_option` VALUES ('10082', '0', '0', 'Class Trainer', '1', '1', '10097', '0', '0', '0', '0', null, '0', '0', '0', '0', '0', '0', '0', '0', '0');
INSERT INTO `gossip_menu_option` VALUES ('10082', '1', '0', 'Cold Weather Flying Trainer', '1', '1', '10080', '0', '0', '0', '0', null, '0', '0', '0', '0', '0', '0', '0', '0', '0');
INSERT INTO `gossip_menu_option` VALUES ('10082', '2', '0', 'Portal Trainer', '1', '1', '10081', '0', '0', '0', '0', null, '0', '0', '0', '0', '0', '0', '0', '0', '0');
INSERT INTO `gossip_menu_option` VALUES ('10082', '3', '0', 'Profession Trainer', '1', '1', '10078', '0', '0', '0', '0', null, '0', '0', '0', '0', '0', '0', '0', '0', '0');
INSERT INTO `gossip_menu_option` VALUES ('10078', '0', '0', 'Alchemy', '1', '1', '0', '0', '0', '0', '0', null, '0', '0', '0', '0', '0', '0', '0', '0', '0');
INSERT INTO `gossip_menu_option` VALUES ('10078', '1', '0', 'Blacksmithing', '1', '1', '0', '0', '0', '0', '0', null, '0', '0', '0', '0', '0', '0', '0', '0', '0');
INSERT INTO `gossip_menu_option` VALUES ('10078', '2', '0', 'Cooking', '1', '1', '0', '0', '0', '0', '0', null, '0', '0', '0', '0', '0', '0', '0', '0', '0');
INSERT INTO `gossip_menu_option` VALUES ('10078', '3', '0', 'Enchanting', '1', '1', '0', '0', '0', '0', '0', null, '0', '0', '0', '0', '0', '0', '0', '0', '0');
INSERT INTO `gossip_menu_option` VALUES ('10078', '4', '0', 'Engineering', '1', '1', '0', '0', '0', '0', '0', null, '0', '0', '0', '0', '0', '0', '0', '0', '0');
INSERT INTO `gossip_menu_option` VALUES ('10078', '5', '0', 'First Aid', '1', '1', '0', '0', '0', '0', '0', null, '0', '0', '0', '0', '0', '0', '0', '0', '0');
INSERT INTO `gossip_menu_option` VALUES ('10078', '6', '0', 'Fishing', '1', '1', '0', '0', '0', '0', '0', null, '0', '0', '0', '0', '0', '0', '0', '0', '0');
INSERT INTO `gossip_menu_option` VALUES ('10078', '7', '0', 'Herbalism', '1', '1', '0', '0', '0', '0', '0', null, '0', '0', '0', '0', '0', '0', '0', '0', '0');
INSERT INTO `gossip_menu_option` VALUES ('10078', '8', '0', 'Inscription', '1', '1', '0', '0', '0', '0', '0', null, '0', '0', '0', '0', '0', '0', '0', '0', '0');
INSERT INTO `gossip_menu_option` VALUES ('10078', '9', '0', 'Jewelcrafting', '1', '1', '0', '0', '0', '0', '0', null, '0', '0', '0', '0', '0', '0', '0', '0', '0');
INSERT INTO `gossip_menu_option` VALUES ('10078', '10', '0', 'Leatherworking', '1', '1', '0', '0', '0', '0', '0', null, '0', '0', '0', '0', '0', '0', '0', '0', '0');
INSERT INTO `gossip_menu_option` VALUES ('10078', '11', '0', 'Mining', '1', '1', '0', '0', '0', '0', '0', null, '0', '0', '0', '0', '0', '0', '0', '0', '0');
INSERT INTO `gossip_menu_option` VALUES ('10078', '12', '0', 'Skinning', '1', '1', '0', '0', '0', '0', '0', null, '0', '0', '0', '0', '0', '0', '0', '0', '0');
INSERT INTO `gossip_menu_option` VALUES ('10078', '13', '0', 'Tailoring', '1', '1', '0', '0', '0', '0', '0', null, '0', '0', '0', '0', '0', '0', '0', '0', '0');
INSERT INTO `gossip_menu_option` VALUES ('20000', '0', '0', 'I am listening, dragon.', '1', '1', '20001', '0', '0', '0', '0', null, '9', '10814', '0', '0', '0', '0', '0', '0', '0');
INSERT INTO `gossip_menu_option` VALUES ('20001', '0', '0', 'But you are dragons! How could orcs do this to you?', '1', '1', '20002', '0', '0', '0', '0', null, '0', '0', '0', '0', '0', '0', '0', '0', '0');
INSERT INTO `gossip_menu_option` VALUES ('20002', '0', '0', 'Your mate?', '1', '1', '20003', '0', '0', '0', '0', null, '0', '0', '0', '0', '0', '0', '0', '0', '0');
INSERT INTO `gossip_menu_option` VALUES ('20003', '0', '0', 'I have battled many beasts, dragon. I will help you.', '1', '1', '0', '0', '20000', '0', '0', null, '0', '0', '0', '0', '0', '0', '0', '0', '0');

-- ----------------------------
-- Table structure for `gossip_scripts`
-- ----------------------------
DROP TABLE IF EXISTS `gossip_scripts`;
CREATE TABLE `gossip_scripts` (
  `id` mediumint(8) unsigned NOT NULL DEFAULT '0',
  `delay` int(10) unsigned NOT NULL DEFAULT '0',
  `command` mediumint(8) unsigned NOT NULL DEFAULT '0',
  `datalong` mediumint(8) unsigned NOT NULL DEFAULT '0',
  `datalong2` int(10) unsigned NOT NULL DEFAULT '0',
  `dataint` int(11) NOT NULL DEFAULT '0',
  `x` float NOT NULL DEFAULT '0',
  `y` float NOT NULL DEFAULT '0',
  `z` float NOT NULL DEFAULT '0',
  `o` float NOT NULL DEFAULT '0'
) ENGINE=MyISAM DEFAULT CHARSET=utf8;

-- ----------------------------
-- Records of gossip_scripts
-- ----------------------------
INSERT INTO `gossip_scripts` VALUES ('20000', '0', '7', '10814', '10', '0', '0', '0', '0', '0');

-- ----------------------------
-- Table structure for `locales_gossip_menu_option`
-- ----------------------------
DROP TABLE IF EXISTS `locales_gossip_menu_option`;
CREATE TABLE `locales_gossip_menu_option` (
  `menu_id` smallint(6) unsigned NOT NULL DEFAULT '0',
  `id` smallint(6) unsigned NOT NULL DEFAULT '0',
  `option_text_loc1` text,
  `option_text_loc2` text,
  `option_text_loc3` text,
  `option_text_loc4` text,
  `option_text_loc5` text,
  `option_text_loc6` text,
  `option_text_loc7` text,
  `option_text_loc8` text,
  `box_text_loc1` text,
  `box_text_loc2` text,
  `box_text_loc3` text,
  `box_text_loc4` text,
  `box_text_loc5` text,
  `box_text_loc6` text,
  `box_text_loc7` text,
  `box_text_loc8` text,
  PRIMARY KEY (`menu_id`,`id`)
) ENGINE=MyISAM DEFAULT CHARSET=utf8;

-- ----------------------------
-- Records of locales_gossip_menu_option
-- ----------------------------

-- ----------------------------
-- Table structure for `npc_gossip`
-- ----------------------------
DROP TABLE IF EXISTS `npc_gossip`;
CREATE TABLE `npc_gossip` (
  `npc_guid` int(10) unsigned NOT NULL DEFAULT '0',
  `textid` mediumint(8) unsigned NOT NULL DEFAULT '0',
  PRIMARY KEY (`npc_guid`)
) ENGINE=MyISAM DEFAULT CHARSET=utf8;

-- ----------------------------
-- Records of npc_gossip
-- ----------------------------
INSERT INTO `npc_gossip` VALUES ('32', '2760');
INSERT INTO `npc_gossip` VALUES ('88', '5074');
INSERT INTO `npc_gossip` VALUES ('89', '4445');
INSERT INTO `npc_gossip` VALUES ('92', '5479');
INSERT INTO `npc_gossip` VALUES ('93', '4445');
INSERT INTO `npc_gossip` VALUES ('95', '4445');
INSERT INTO `npc_gossip` VALUES ('99', '2282');
INSERT INTO `npc_gossip` VALUES ('102', '825');
INSERT INTO `npc_gossip` VALUES ('107', '4445');
INSERT INTO `npc_gossip` VALUES ('109', '6165');
INSERT INTO `npc_gossip` VALUES ('111', '6793');
INSERT INTO `npc_gossip` VALUES ('118', '7965');
INSERT INTO `npc_gossip` VALUES ('119', '5535');
INSERT INTO `npc_gossip` VALUES ('129', '2136');
INSERT INTO `npc_gossip` VALUES ('133', '3488');
INSERT INTO `npc_gossip` VALUES ('150', '4445');
INSERT INTO `npc_gossip` VALUES ('155', '5753');
INSERT INTO `npc_gossip` VALUES ('160', '2641');
INSERT INTO `npc_gossip` VALUES ('161', '580');
INSERT INTO `npc_gossip` VALUES ('334', '7074');
INSERT INTO `npc_gossip` VALUES ('544', '3806');
INSERT INTO `npc_gossip` VALUES ('603', '4445');
INSERT INTO `npc_gossip` VALUES ('610', '3133');
INSERT INTO `npc_gossip` VALUES ('615', '7778');
INSERT INTO `npc_gossip` VALUES ('617', '4694');
INSERT INTO `npc_gossip` VALUES ('624', '5839');
INSERT INTO `npc_gossip` VALUES ('625', '5345');
INSERT INTO `npc_gossip` VALUES ('628', '4445');
INSERT INTO `npc_gossip` VALUES ('631', '5002');
INSERT INTO `npc_gossip` VALUES ('655', '7015');
INSERT INTO `npc_gossip` VALUES ('917', '7574');
INSERT INTO `npc_gossip` VALUES ('924', '7534');
INSERT INTO `npc_gossip` VALUES ('925', '7515');
INSERT INTO `npc_gossip` VALUES ('951', '7615');
INSERT INTO `npc_gossip` VALUES ('952', '7718');
INSERT INTO `npc_gossip` VALUES ('973', '7454');
INSERT INTO `npc_gossip` VALUES ('991', '7514');
INSERT INTO `npc_gossip` VALUES ('1015', '7556');
INSERT INTO `npc_gossip` VALUES ('1053', '4445');
INSERT INTO `npc_gossip` VALUES ('1080', '6995');
INSERT INTO `npc_gossip` VALUES ('1136', '9218');
INSERT INTO `npc_gossip` VALUES ('1145', '6535');
INSERT INTO `npc_gossip` VALUES ('1208', '580');
INSERT INTO `npc_gossip` VALUES ('1369', '1302');
INSERT INTO `npc_gossip` VALUES ('1720', '7778');
INSERT INTO `npc_gossip` VALUES ('1740', '2234');
INSERT INTO `npc_gossip` VALUES ('1745', '2213');
INSERT INTO `npc_gossip` VALUES ('2019', '8129');
INSERT INTO `npc_gossip` VALUES ('2113', '1371');
INSERT INTO `npc_gossip` VALUES ('2117', '1351');
INSERT INTO `npc_gossip` VALUES ('2196', '580');
INSERT INTO `npc_gossip` VALUES ('2273', '580');
INSERT INTO `npc_gossip` VALUES ('2351', '1995');
INSERT INTO `npc_gossip` VALUES ('2422', '2593');
INSERT INTO `npc_gossip` VALUES ('2482', '1391');
INSERT INTO `npc_gossip` VALUES ('2494', '5009');
INSERT INTO `npc_gossip` VALUES ('2525', '9384');
INSERT INTO `npc_gossip` VALUES ('2551', '3461');
INSERT INTO `npc_gossip` VALUES ('2626', '2849');
INSERT INTO `npc_gossip` VALUES ('2695', '3868');
INSERT INTO `npc_gossip` VALUES ('2706', '2593');
INSERT INTO `npc_gossip` VALUES ('2739', '7778');
INSERT INTO `npc_gossip` VALUES ('2740', '820');
INSERT INTO `npc_gossip` VALUES ('2762', '5006');
INSERT INTO `npc_gossip` VALUES ('2776', '4985');
INSERT INTO `npc_gossip` VALUES ('2777', '5010');
INSERT INTO `npc_gossip` VALUES ('2807', '938');
INSERT INTO `npc_gossip` VALUES ('2837', '5108');
INSERT INTO `npc_gossip` VALUES ('2860', '5836');
INSERT INTO `npc_gossip` VALUES ('2930', '5839');
INSERT INTO `npc_gossip` VALUES ('2942', '5002');
INSERT INTO `npc_gossip` VALUES ('3452', '5844');
INSERT INTO `npc_gossip` VALUES ('3453', '5862');
INSERT INTO `npc_gossip` VALUES ('3465', '2593');
INSERT INTO `npc_gossip` VALUES ('4535', '10088');
INSERT INTO `npc_gossip` VALUES ('4709', '2286');
INSERT INTO `npc_gossip` VALUES ('4741', '5838');
INSERT INTO `npc_gossip` VALUES ('4861', '933');
INSERT INTO `npc_gossip` VALUES ('4866', '5247');
INSERT INTO `npc_gossip` VALUES ('4882', '7382');
INSERT INTO `npc_gossip` VALUES ('4897', '7382');
INSERT INTO `npc_gossip` VALUES ('4912', '7382');
INSERT INTO `npc_gossip` VALUES ('4913', '7395');
INSERT INTO `npc_gossip` VALUES ('4922', '7382');
INSERT INTO `npc_gossip` VALUES ('4930', '7382');
INSERT INTO `npc_gossip` VALUES ('4931', '7382');
INSERT INTO `npc_gossip` VALUES ('4961', '7337');
INSERT INTO `npc_gossip` VALUES ('4998', '7382');
INSERT INTO `npc_gossip` VALUES ('4999', '7382');
INSERT INTO `npc_gossip` VALUES ('5094', '539');
INSERT INTO `npc_gossip` VALUES ('5105', '3977');
INSERT INTO `npc_gossip` VALUES ('5109', '5836');
INSERT INTO `npc_gossip` VALUES ('5110', '7015');
INSERT INTO `npc_gossip` VALUES ('5113', '4799');
INSERT INTO `npc_gossip` VALUES ('5125', '820');
INSERT INTO `npc_gossip` VALUES ('5127', '1216');
INSERT INTO `npc_gossip` VALUES ('5130', '4434');
INSERT INTO `npc_gossip` VALUES ('5137', '7028');
INSERT INTO `npc_gossip` VALUES ('5142', '3405');
INSERT INTO `npc_gossip` VALUES ('5143', '4859');
INSERT INTO `npc_gossip` VALUES ('5167', '4876');
INSERT INTO `npc_gossip` VALUES ('5199', '7778');
INSERT INTO `npc_gossip` VALUES ('5241', '580');
INSERT INTO `npc_gossip` VALUES ('5264', '6961');
INSERT INTO `npc_gossip` VALUES ('5278', '5257');
INSERT INTO `npc_gossip` VALUES ('5321', '2274');
INSERT INTO `npc_gossip` VALUES ('5326', '2277');
INSERT INTO `npc_gossip` VALUES ('5338', '580');
INSERT INTO `npc_gossip` VALUES ('5561', '820');
INSERT INTO `npc_gossip` VALUES ('5599', '933');
INSERT INTO `npc_gossip` VALUES ('5741', '1252');
INSERT INTO `npc_gossip` VALUES ('5758', '933');
INSERT INTO `npc_gossip` VALUES ('5764', '933');
INSERT INTO `npc_gossip` VALUES ('5774', '933');
INSERT INTO `npc_gossip` VALUES ('5841', '1231');
INSERT INTO `npc_gossip` VALUES ('5843', '5016');
INSERT INTO `npc_gossip` VALUES ('5846', '538');
INSERT INTO `npc_gossip` VALUES ('5852', '1231');
INSERT INTO `npc_gossip` VALUES ('5853', '5019');
INSERT INTO `npc_gossip` VALUES ('5855', '4');
INSERT INTO `npc_gossip` VALUES ('5861', '1233');
INSERT INTO `npc_gossip` VALUES ('5865', '6755');
INSERT INTO `npc_gossip` VALUES ('5873', '5919');
INSERT INTO `npc_gossip` VALUES ('5874', '5836');
INSERT INTO `npc_gossip` VALUES ('5882', '1202');
INSERT INTO `npc_gossip` VALUES ('5901', '1253');
INSERT INTO `npc_gossip` VALUES ('5904', '933');
INSERT INTO `npc_gossip` VALUES ('5914', '1234');
INSERT INTO `npc_gossip` VALUES ('5919', '1250');
INSERT INTO `npc_gossip` VALUES ('5920', '5561');
INSERT INTO `npc_gossip` VALUES ('5922', '933');
INSERT INTO `npc_gossip` VALUES ('5925', '1250');
INSERT INTO `npc_gossip` VALUES ('5930', '1250');
INSERT INTO `npc_gossip` VALUES ('5935', '5');
INSERT INTO `npc_gossip` VALUES ('5939', '580');
INSERT INTO `npc_gossip` VALUES ('5942', '1216');
INSERT INTO `npc_gossip` VALUES ('5961', '933');
INSERT INTO `npc_gossip` VALUES ('5963', '4938');
INSERT INTO `npc_gossip` VALUES ('5979', '3484');
INSERT INTO `npc_gossip` VALUES ('5980', '933');
INSERT INTO `npc_gossip` VALUES ('5992', '933');
INSERT INTO `npc_gossip` VALUES ('5997', '933');
INSERT INTO `npc_gossip` VALUES ('6001', '933');
INSERT INTO `npc_gossip` VALUES ('6006', '933');
INSERT INTO `npc_gossip` VALUES ('6029', '820');
INSERT INTO `npc_gossip` VALUES ('6030', '1236');
INSERT INTO `npc_gossip` VALUES ('6032', '4835');
INSERT INTO `npc_gossip` VALUES ('6033', '1235');
INSERT INTO `npc_gossip` VALUES ('6034', '933');
INSERT INTO `npc_gossip` VALUES ('6037', '1231');
INSERT INTO `npc_gossip` VALUES ('6038', '1231');
INSERT INTO `npc_gossip` VALUES ('6042', '5207');
INSERT INTO `npc_gossip` VALUES ('6044', '933');
INSERT INTO `npc_gossip` VALUES ('6053', '4433');
INSERT INTO `npc_gossip` VALUES ('6054', '933');
INSERT INTO `npc_gossip` VALUES ('6056', '6957');
INSERT INTO `npc_gossip` VALUES ('6066', '5181');
INSERT INTO `npc_gossip` VALUES ('6070', '8238');
INSERT INTO `npc_gossip` VALUES ('6082', '1256');
INSERT INTO `npc_gossip` VALUES ('6084', '933');
INSERT INTO `npc_gossip` VALUES ('6087', '933');
INSERT INTO `npc_gossip` VALUES ('6089', '1237');
INSERT INTO `npc_gossip` VALUES ('6097', '933');
INSERT INTO `npc_gossip` VALUES ('6099', '933');
INSERT INTO `npc_gossip` VALUES ('6108', '1237');
INSERT INTO `npc_gossip` VALUES ('6116', '933');
INSERT INTO `npc_gossip` VALUES ('6117', '5994');
INSERT INTO `npc_gossip` VALUES ('6119', '933');
INSERT INTO `npc_gossip` VALUES ('6123', '6194');
INSERT INTO `npc_gossip` VALUES ('6130', '1258');
INSERT INTO `npc_gossip` VALUES ('6131', '933');
INSERT INTO `npc_gossip` VALUES ('6132', '68');
INSERT INTO `npc_gossip` VALUES ('6133', '6948');
INSERT INTO `npc_gossip` VALUES ('6139', '933');
INSERT INTO `npc_gossip` VALUES ('6142', '933');
INSERT INTO `npc_gossip` VALUES ('6148', '6289');
INSERT INTO `npc_gossip` VALUES ('6158', '1236');
INSERT INTO `npc_gossip` VALUES ('6163', '4837');
INSERT INTO `npc_gossip` VALUES ('6164', '1235');
INSERT INTO `npc_gossip` VALUES ('6166', '1235');
INSERT INTO `npc_gossip` VALUES ('6198', '1235');
INSERT INTO `npc_gossip` VALUES ('6212', '933');
INSERT INTO `npc_gossip` VALUES ('6229', '4837');
INSERT INTO `npc_gossip` VALUES ('6247', '933');
INSERT INTO `npc_gossip` VALUES ('6248', '4438');
INSERT INTO `npc_gossip` VALUES ('6251', '5320');
INSERT INTO `npc_gossip` VALUES ('6255', '5260');
INSERT INTO `npc_gossip` VALUES ('6257', '1238');
INSERT INTO `npc_gossip` VALUES ('6261', '933');
INSERT INTO `npc_gossip` VALUES ('6263', '1238');
INSERT INTO `npc_gossip` VALUES ('6264', '933');
INSERT INTO `npc_gossip` VALUES ('6265', '1238');
INSERT INTO `npc_gossip` VALUES ('6273', '5721');
INSERT INTO `npc_gossip` VALUES ('6280', '5721');
INSERT INTO `npc_gossip` VALUES ('6281', '5721');
INSERT INTO `npc_gossip` VALUES ('6285', '933');
INSERT INTO `npc_gossip` VALUES ('6291', '933');
INSERT INTO `npc_gossip` VALUES ('6296', '933');
INSERT INTO `npc_gossip` VALUES ('6299', '933');
INSERT INTO `npc_gossip` VALUES ('6301', '1239');
INSERT INTO `npc_gossip` VALUES ('6314', '933');
INSERT INTO `npc_gossip` VALUES ('6319', '5214');
INSERT INTO `npc_gossip` VALUES ('6320', '5188');
INSERT INTO `npc_gossip` VALUES ('6324', '933');
INSERT INTO `npc_gossip` VALUES ('6325', '7011');
INSERT INTO `npc_gossip` VALUES ('6326', '933');
INSERT INTO `npc_gossip` VALUES ('6329', '933');
INSERT INTO `npc_gossip` VALUES ('6331', '1207');
INSERT INTO `npc_gossip` VALUES ('6333', '1238');
INSERT INTO `npc_gossip` VALUES ('6336', '1254');
INSERT INTO `npc_gossip` VALUES ('6358', '3657');
INSERT INTO `npc_gossip` VALUES ('6363', '933');
INSERT INTO `npc_gossip` VALUES ('6368', '933');
INSERT INTO `npc_gossip` VALUES ('6378', '4434');
INSERT INTO `npc_gossip` VALUES ('6381', '4434');
INSERT INTO `npc_gossip` VALUES ('6396', '7653');
INSERT INTO `npc_gossip` VALUES ('6402', '1225');
INSERT INTO `npc_gossip` VALUES ('6407', '1243');
INSERT INTO `npc_gossip` VALUES ('6410', '3407');
INSERT INTO `npc_gossip` VALUES ('6412', '3453');
INSERT INTO `npc_gossip` VALUES ('6420', '4893');
INSERT INTO `npc_gossip` VALUES ('6425', '2393');
INSERT INTO `npc_gossip` VALUES ('6438', '7055');
INSERT INTO `npc_gossip` VALUES ('6443', '933');
INSERT INTO `npc_gossip` VALUES ('6446', '7778');
INSERT INTO `npc_gossip` VALUES ('6452', '5124');
INSERT INTO `npc_gossip` VALUES ('6454', '5147');
INSERT INTO `npc_gossip` VALUES ('6456', '1249');
INSERT INTO `npc_gossip` VALUES ('6511', '7043');
INSERT INTO `npc_gossip` VALUES ('6762', '6990');
INSERT INTO `npc_gossip` VALUES ('6763', '6991');
INSERT INTO `npc_gossip` VALUES ('6764', '2493');
INSERT INTO `npc_gossip` VALUES ('6794', '2315');
INSERT INTO `npc_gossip` VALUES ('6813', '3295');
INSERT INTO `npc_gossip` VALUES ('6814', '6933');
INSERT INTO `npc_gossip` VALUES ('6817', '580');
INSERT INTO `npc_gossip` VALUES ('6819', '2713');
INSERT INTO `npc_gossip` VALUES ('6820', '2993');
INSERT INTO `npc_gossip` VALUES ('6823', '6594');
INSERT INTO `npc_gossip` VALUES ('6879', '3001');
INSERT INTO `npc_gossip` VALUES ('7178', '3802');
INSERT INTO `npc_gossip` VALUES ('7212', '580');
INSERT INTO `npc_gossip` VALUES ('7334', '6947');
INSERT INTO `npc_gossip` VALUES ('7335', '1953');
INSERT INTO `npc_gossip` VALUES ('7340', '2279');
INSERT INTO `npc_gossip` VALUES ('7342', '3560');
INSERT INTO `npc_gossip` VALUES ('7371', '938');
INSERT INTO `npc_gossip` VALUES ('7404', '7778');
INSERT INTO `npc_gossip` VALUES ('7449', '7117');
INSERT INTO `npc_gossip` VALUES ('7470', '7115');
INSERT INTO `npc_gossip` VALUES ('7479', '7120');
INSERT INTO `npc_gossip` VALUES ('7481', '7095');
INSERT INTO `npc_gossip` VALUES ('7498', '7094');
INSERT INTO `npc_gossip` VALUES ('7500', '4445');
INSERT INTO `npc_gossip` VALUES ('7505', '4445');
INSERT INTO `npc_gossip` VALUES ('7508', '1253');
INSERT INTO `npc_gossip` VALUES ('7509', '1231');
INSERT INTO `npc_gossip` VALUES ('7514', '1231');
INSERT INTO `npc_gossip` VALUES ('7551', '580');
INSERT INTO `npc_gossip` VALUES ('7564', '4445');
INSERT INTO `npc_gossip` VALUES ('7754', '4937');
INSERT INTO `npc_gossip` VALUES ('7793', '580');
INSERT INTO `npc_gossip` VALUES ('7811', '3974');
INSERT INTO `npc_gossip` VALUES ('7824', '10978');
INSERT INTO `npc_gossip` VALUES ('7825', '4833');
INSERT INTO `npc_gossip` VALUES ('7849', '4435');
INSERT INTO `npc_gossip` VALUES ('7850', '561');
INSERT INTO `npc_gossip` VALUES ('7851', '1914');
INSERT INTO `npc_gossip` VALUES ('7852', '5723');
INSERT INTO `npc_gossip` VALUES ('7854', '5836');
INSERT INTO `npc_gossip` VALUES ('7870', '4990');
INSERT INTO `npc_gossip` VALUES ('7871', '4446');
INSERT INTO `npc_gossip` VALUES ('8092', '7055');
INSERT INTO `npc_gossip` VALUES ('8227', '9384');
INSERT INTO `npc_gossip` VALUES ('8264', '2760');
INSERT INTO `npc_gossip` VALUES ('8279', '2760');
INSERT INTO `npc_gossip` VALUES ('8288', '3523');
INSERT INTO `npc_gossip` VALUES ('8290', '580');
INSERT INTO `npc_gossip` VALUES ('8303', '7015');
INSERT INTO `npc_gossip` VALUES ('8331', '5839');
INSERT INTO `npc_gossip` VALUES ('8342', '5838');
INSERT INTO `npc_gossip` VALUES ('8345', '10539');
INSERT INTO `npc_gossip` VALUES ('8350', '4999');
INSERT INTO `npc_gossip` VALUES ('8400', '1215');
INSERT INTO `npc_gossip` VALUES ('8404', '907');
INSERT INTO `npc_gossip` VALUES ('8410', '7028');
INSERT INTO `npc_gossip` VALUES ('8413', '823');
INSERT INTO `npc_gossip` VALUES ('8427', '7015');
INSERT INTO `npc_gossip` VALUES ('8433', '10182');
INSERT INTO `npc_gossip` VALUES ('8435', '4435');
INSERT INTO `npc_gossip` VALUES ('8442', '559');
INSERT INTO `npc_gossip` VALUES ('8443', '3975');
INSERT INTO `npc_gossip` VALUES ('8453', '3395');
INSERT INTO `npc_gossip` VALUES ('8558', '5112');
INSERT INTO `npc_gossip` VALUES ('8564', '9384');
INSERT INTO `npc_gossip` VALUES ('8574', '4855');
INSERT INTO `npc_gossip` VALUES ('8583', '4871');
INSERT INTO `npc_gossip` VALUES ('8620', '4253');
INSERT INTO `npc_gossip` VALUES ('8650', '823');
INSERT INTO `npc_gossip` VALUES ('8693', '4881');
INSERT INTO `npc_gossip` VALUES ('8707', '5857');
INSERT INTO `npc_gossip` VALUES ('8765', '5580');
INSERT INTO `npc_gossip` VALUES ('8823', '823');
INSERT INTO `npc_gossip` VALUES ('8845', '13557');
INSERT INTO `npc_gossip` VALUES ('8877', '580');
INSERT INTO `npc_gossip` VALUES ('8895', '2289');
INSERT INTO `npc_gossip` VALUES ('9037', '6793');
INSERT INTO `npc_gossip` VALUES ('9045', '2760');
INSERT INTO `npc_gossip` VALUES ('9062', '2760');
INSERT INTO `npc_gossip` VALUES ('9068', '2760');
INSERT INTO `npc_gossip` VALUES ('9073', '580');
INSERT INTO `npc_gossip` VALUES ('9161', '2760');
INSERT INTO `npc_gossip` VALUES ('9172', '2760');
INSERT INTO `npc_gossip` VALUES ('9192', '2760');
INSERT INTO `npc_gossip` VALUES ('9208', '1217');
INSERT INTO `npc_gossip` VALUES ('9216', '5724');
INSERT INTO `npc_gossip` VALUES ('9223', '5000');
INSERT INTO `npc_gossip` VALUES ('9224', '6295');
INSERT INTO `npc_gossip` VALUES ('9228', '6293');
INSERT INTO `npc_gossip` VALUES ('9234', '2760');
INSERT INTO `npc_gossip` VALUES ('9240', '4445');
INSERT INTO `npc_gossip` VALUES ('9243', '4988');
INSERT INTO `npc_gossip` VALUES ('9244', '4445');
INSERT INTO `npc_gossip` VALUES ('9254', '2760');
INSERT INTO `npc_gossip` VALUES ('9267', '5839');
INSERT INTO `npc_gossip` VALUES ('9268', '2760');
INSERT INTO `npc_gossip` VALUES ('9272', '6514');
INSERT INTO `npc_gossip` VALUES ('9281', '5000');
INSERT INTO `npc_gossip` VALUES ('9284', '5000');
INSERT INTO `npc_gossip` VALUES ('9289', '6957');
INSERT INTO `npc_gossip` VALUES ('9294', '2760');
INSERT INTO `npc_gossip` VALUES ('9295', '2760');
INSERT INTO `npc_gossip` VALUES ('9300', '2760');
INSERT INTO `npc_gossip` VALUES ('9301', '2760');
INSERT INTO `npc_gossip` VALUES ('9306', '2760');
INSERT INTO `npc_gossip` VALUES ('9308', '2760');
INSERT INTO `npc_gossip` VALUES ('9320', '2760');
INSERT INTO `npc_gossip` VALUES ('9323', '2760');
INSERT INTO `npc_gossip` VALUES ('9354', '2760');
INSERT INTO `npc_gossip` VALUES ('9361', '6194');
INSERT INTO `npc_gossip` VALUES ('9365', '2760');
INSERT INTO `npc_gossip` VALUES ('9369', '6194');
INSERT INTO `npc_gossip` VALUES ('9370', '2760');
INSERT INTO `npc_gossip` VALUES ('9374', '2760');
INSERT INTO `npc_gossip` VALUES ('9392', '2760');
INSERT INTO `npc_gossip` VALUES ('9397', '2760');
INSERT INTO `npc_gossip` VALUES ('9401', '2760');
INSERT INTO `npc_gossip` VALUES ('9404', '2760');
INSERT INTO `npc_gossip` VALUES ('9411', '2760');
INSERT INTO `npc_gossip` VALUES ('9415', '2760');
INSERT INTO `npc_gossip` VALUES ('9423', '2760');
INSERT INTO `npc_gossip` VALUES ('9437', '6250');
INSERT INTO `npc_gossip` VALUES ('9442', '9385');
INSERT INTO `npc_gossip` VALUES ('9443', '2760');
INSERT INTO `npc_gossip` VALUES ('9444', '2760');
INSERT INTO `npc_gossip` VALUES ('9450', '7026');
INSERT INTO `npc_gossip` VALUES ('9456', '2760');
INSERT INTO `npc_gossip` VALUES ('9462', '2760');
INSERT INTO `npc_gossip` VALUES ('9475', '5054');
INSERT INTO `npc_gossip` VALUES ('9476', '5031');
INSERT INTO `npc_gossip` VALUES ('9478', '2234');
INSERT INTO `npc_gossip` VALUES ('9480', '2760');
INSERT INTO `npc_gossip` VALUES ('9481', '2760');
INSERT INTO `npc_gossip` VALUES ('9482', '2760');
INSERT INTO `npc_gossip` VALUES ('9485', '2760');
INSERT INTO `npc_gossip` VALUES ('9499', '823');
INSERT INTO `npc_gossip` VALUES ('9501', '2760');
INSERT INTO `npc_gossip` VALUES ('9505', '2137');
INSERT INTO `npc_gossip` VALUES ('9507', '2760');
INSERT INTO `npc_gossip` VALUES ('9508', '2760');
INSERT INTO `npc_gossip` VALUES ('9509', '2760');
INSERT INTO `npc_gossip` VALUES ('9512', '2760');
INSERT INTO `npc_gossip` VALUES ('9517', '2760');
INSERT INTO `npc_gossip` VALUES ('9522', '5582');
INSERT INTO `npc_gossip` VALUES ('9530', '2760');
INSERT INTO `npc_gossip` VALUES ('9539', '7194');
INSERT INTO `npc_gossip` VALUES ('9546', '5204');
INSERT INTO `npc_gossip` VALUES ('9547', '5186');
INSERT INTO `npc_gossip` VALUES ('9551', '5118');
INSERT INTO `npc_gossip` VALUES ('9554', '3959');
INSERT INTO `npc_gossip` VALUES ('9557', '4732');
INSERT INTO `npc_gossip` VALUES ('9560', '10300');
INSERT INTO `npc_gossip` VALUES ('9561', '1135');
INSERT INTO `npc_gossip` VALUES ('9567', '3456');
INSERT INTO `npc_gossip` VALUES ('9571', '3398');
INSERT INTO `npc_gossip` VALUES ('9573', '3937');
INSERT INTO `npc_gossip` VALUES ('9574', '1261');
INSERT INTO `npc_gossip` VALUES ('9583', '2760');
INSERT INTO `npc_gossip` VALUES ('9590', '5800');
INSERT INTO `npc_gossip` VALUES ('9599', '2760');
INSERT INTO `npc_gossip` VALUES ('9604', '2760');
INSERT INTO `npc_gossip` VALUES ('9608', '2760');
INSERT INTO `npc_gossip` VALUES ('9609', '5330');
INSERT INTO `npc_gossip` VALUES ('9612', '2760');
INSERT INTO `npc_gossip` VALUES ('9618', '2760');
INSERT INTO `npc_gossip` VALUES ('9619', '5276');
INSERT INTO `npc_gossip` VALUES ('9620', '2355');
INSERT INTO `npc_gossip` VALUES ('9623', '2760');
INSERT INTO `npc_gossip` VALUES ('9625', '7195');
INSERT INTO `npc_gossip` VALUES ('9626', '2760');
INSERT INTO `npc_gossip` VALUES ('9627', '2760');
INSERT INTO `npc_gossip` VALUES ('9631', '2760');
INSERT INTO `npc_gossip` VALUES ('9632', '5524');
INSERT INTO `npc_gossip` VALUES ('9638', '5422');
INSERT INTO `npc_gossip` VALUES ('9643', '5581');
INSERT INTO `npc_gossip` VALUES ('9644', '9384');
INSERT INTO `npc_gossip` VALUES ('9645', '2760');
INSERT INTO `npc_gossip` VALUES ('9646', '2760');
INSERT INTO `npc_gossip` VALUES ('9650', '3077');
INSERT INTO `npc_gossip` VALUES ('9660', '2760');
INSERT INTO `npc_gossip` VALUES ('9664', '2760');
INSERT INTO `npc_gossip` VALUES ('9665', '5495');
INSERT INTO `npc_gossip` VALUES ('9669', '4833');
INSERT INTO `npc_gossip` VALUES ('9670', '4833');
INSERT INTO `npc_gossip` VALUES ('9672', '4798');
INSERT INTO `npc_gossip` VALUES ('9673', '2760');
INSERT INTO `npc_gossip` VALUES ('9676', '2760');
INSERT INTO `npc_gossip` VALUES ('9677', '2760');
INSERT INTO `npc_gossip` VALUES ('9678', '2760');
INSERT INTO `npc_gossip` VALUES ('9679', '2760');
INSERT INTO `npc_gossip` VALUES ('9682', '6383');
INSERT INTO `npc_gossip` VALUES ('9683', '2760');
INSERT INTO `npc_gossip` VALUES ('9685', '2760');
INSERT INTO `npc_gossip` VALUES ('9689', '4435');
INSERT INTO `npc_gossip` VALUES ('9692', '4435');
INSERT INTO `npc_gossip` VALUES ('9695', '561');
INSERT INTO `npc_gossip` VALUES ('9696', '4435');
INSERT INTO `npc_gossip` VALUES ('9698', '561');
INSERT INTO `npc_gossip` VALUES ('9699', '4435');
INSERT INTO `npc_gossip` VALUES ('9700', '2760');
INSERT INTO `npc_gossip` VALUES ('9702', '5722');
INSERT INTO `npc_gossip` VALUES ('9706', '2760');
INSERT INTO `npc_gossip` VALUES ('9707', '5877');
INSERT INTO `npc_gossip` VALUES ('9708', '5794');
INSERT INTO `npc_gossip` VALUES ('9710', '561');
INSERT INTO `npc_gossip` VALUES ('9711', '5723');
INSERT INTO `npc_gossip` VALUES ('9713', '561');
INSERT INTO `npc_gossip` VALUES ('9714', '3975');
INSERT INTO `npc_gossip` VALUES ('9716', '5836');
INSERT INTO `npc_gossip` VALUES ('9718', '5723');
INSERT INTO `npc_gossip` VALUES ('9721', '3974');
INSERT INTO `npc_gossip` VALUES ('9723', '3974');
INSERT INTO `npc_gossip` VALUES ('9725', '2253');
INSERT INTO `npc_gossip` VALUES ('9877', '5517');
INSERT INTO `npc_gossip` VALUES ('9955', '7778');
INSERT INTO `npc_gossip` VALUES ('10010', '5481');
INSERT INTO `npc_gossip` VALUES ('10027', '9385');
INSERT INTO `npc_gossip` VALUES ('10092', '7778');
INSERT INTO `npc_gossip` VALUES ('10230', '8214');
INSERT INTO `npc_gossip` VALUES ('10244', '580');
INSERT INTO `npc_gossip` VALUES ('10289', '580');
INSERT INTO `npc_gossip` VALUES ('11397', '580');
INSERT INTO `npc_gossip` VALUES ('11587', '7778');
INSERT INTO `npc_gossip` VALUES ('11615', '3803');
INSERT INTO `npc_gossip` VALUES ('11855', '6414');
INSERT INTO `npc_gossip` VALUES ('11999', '822');
INSERT INTO `npc_gossip` VALUES ('12000', '7778');
INSERT INTO `npc_gossip` VALUES ('12038', '12135');
INSERT INTO `npc_gossip` VALUES ('12093', '4936');
INSERT INTO `npc_gossip` VALUES ('12100', '820');
INSERT INTO `npc_gossip` VALUES ('12101', '7554');
INSERT INTO `npc_gossip` VALUES ('12242', '4794');
INSERT INTO `npc_gossip` VALUES ('12243', '5725');
INSERT INTO `npc_gossip` VALUES ('12257', '4993');
INSERT INTO `npc_gossip` VALUES ('12260', '4784');
INSERT INTO `npc_gossip` VALUES ('12301', '580');
INSERT INTO `npc_gossip` VALUES ('12330', '7778');
INSERT INTO `npc_gossip` VALUES ('12394', '7241');
INSERT INTO `npc_gossip` VALUES ('12410', '7175');
INSERT INTO `npc_gossip` VALUES ('12412', '7211');
INSERT INTO `npc_gossip` VALUES ('12420', '7237');
INSERT INTO `npc_gossip` VALUES ('12426', '7242');
INSERT INTO `npc_gossip` VALUES ('12431', '7238');
INSERT INTO `npc_gossip` VALUES ('12461', '7239');
INSERT INTO `npc_gossip` VALUES ('12528', '7240');
INSERT INTO `npc_gossip` VALUES ('12584', '7257');
INSERT INTO `npc_gossip` VALUES ('12756', '761');
INSERT INTO `npc_gossip` VALUES ('13015', '580');
INSERT INTO `npc_gossip` VALUES ('13438', '5575');
INSERT INTO `npc_gossip` VALUES ('13469', '580');
INSERT INTO `npc_gossip` VALUES ('13515', '5939');
INSERT INTO `npc_gossip` VALUES ('13516', '821');
INSERT INTO `npc_gossip` VALUES ('13517', '5084');
INSERT INTO `npc_gossip` VALUES ('13519', '6595');
INSERT INTO `npc_gossip` VALUES ('13525', '5981');
INSERT INTO `npc_gossip` VALUES ('13527', '4838');
INSERT INTO `npc_gossip` VALUES ('13561', '5934');
INSERT INTO `npc_gossip` VALUES ('14060', '580');
INSERT INTO `npc_gossip` VALUES ('14190', '6475');
INSERT INTO `npc_gossip` VALUES ('14268', '5453');
INSERT INTO `npc_gossip` VALUES ('14271', '580');
INSERT INTO `npc_gossip` VALUES ('14315', '821');
INSERT INTO `npc_gossip` VALUES ('14339', '3418');
INSERT INTO `npc_gossip` VALUES ('14372', '2594');
INSERT INTO `npc_gossip` VALUES ('14452', '623');
INSERT INTO `npc_gossip` VALUES ('14659', '5143');
INSERT INTO `npc_gossip` VALUES ('14708', '580');
INSERT INTO `npc_gossip` VALUES ('14727', '4357');
INSERT INTO `npc_gossip` VALUES ('14729', '7778');
INSERT INTO `npc_gossip` VALUES ('14750', '3940');
INSERT INTO `npc_gossip` VALUES ('14758', '3754');
INSERT INTO `npc_gossip` VALUES ('14761', '4354');
INSERT INTO `npc_gossip` VALUES ('14767', '3984');
INSERT INTO `npc_gossip` VALUES ('14770', '4193');
INSERT INTO `npc_gossip` VALUES ('14782', '4135');
INSERT INTO `npc_gossip` VALUES ('15007', '4633');
INSERT INTO `npc_gossip` VALUES ('15124', '580');
INSERT INTO `npc_gossip` VALUES ('15147', '4041');
INSERT INTO `npc_gossip` VALUES ('15196', '10212');
INSERT INTO `npc_gossip` VALUES ('15205', '4476');
INSERT INTO `npc_gossip` VALUES ('15299', '580');
INSERT INTO `npc_gossip` VALUES ('15318', '581');
INSERT INTO `npc_gossip` VALUES ('15327', '5089');
INSERT INTO `npc_gossip` VALUES ('15336', '5047');
INSERT INTO `npc_gossip` VALUES ('15338', '5162');
INSERT INTO `npc_gossip` VALUES ('15344', '581');
INSERT INTO `npc_gossip` VALUES ('15349', '5099');
INSERT INTO `npc_gossip` VALUES ('15351', '5139');
INSERT INTO `npc_gossip` VALUES ('15356', '3194');
INSERT INTO `npc_gossip` VALUES ('15366', '581');
INSERT INTO `npc_gossip` VALUES ('15367', '4474');
INSERT INTO `npc_gossip` VALUES ('15368', '3543');
INSERT INTO `npc_gossip` VALUES ('15373', '581');
INSERT INTO `npc_gossip` VALUES ('15383', '3543');
INSERT INTO `npc_gossip` VALUES ('15384', '3543');
INSERT INTO `npc_gossip` VALUES ('15397', '3543');
INSERT INTO `npc_gossip` VALUES ('15402', '3543');
INSERT INTO `npc_gossip` VALUES ('15414', '3543');
INSERT INTO `npc_gossip` VALUES ('15424', '3584');
INSERT INTO `npc_gossip` VALUES ('15439', '3543');
INSERT INTO `npc_gossip` VALUES ('15473', '5228');
INSERT INTO `npc_gossip` VALUES ('15478', '3543');
INSERT INTO `npc_gossip` VALUES ('15485', '5195');
INSERT INTO `npc_gossip` VALUES ('15488', '3543');
INSERT INTO `npc_gossip` VALUES ('15497', '5294');
INSERT INTO `npc_gossip` VALUES ('15505', '3543');
INSERT INTO `npc_gossip` VALUES ('15506', '5355');
INSERT INTO `npc_gossip` VALUES ('15510', '3633');
INSERT INTO `npc_gossip` VALUES ('15511', '3543');
INSERT INTO `npc_gossip` VALUES ('15518', '1734');
INSERT INTO `npc_gossip` VALUES ('15523', '7024');
INSERT INTO `npc_gossip` VALUES ('15541', '3543');
INSERT INTO `npc_gossip` VALUES ('15544', '3543');
INSERT INTO `npc_gossip` VALUES ('15552', '3543');
INSERT INTO `npc_gossip` VALUES ('15569', '3543');
INSERT INTO `npc_gossip` VALUES ('15572', '3543');
INSERT INTO `npc_gossip` VALUES ('15573', '3543');
INSERT INTO `npc_gossip` VALUES ('15574', '3543');
INSERT INTO `npc_gossip` VALUES ('15578', '9385');
INSERT INTO `npc_gossip` VALUES ('15583', '5454');
INSERT INTO `npc_gossip` VALUES ('15603', '3543');
INSERT INTO `npc_gossip` VALUES ('15608', '6957');
INSERT INTO `npc_gossip` VALUES ('15615', '3543');
INSERT INTO `npc_gossip` VALUES ('15639', '7015');
INSERT INTO `npc_gossip` VALUES ('15645', '3543');
INSERT INTO `npc_gossip` VALUES ('15649', '3543');
INSERT INTO `npc_gossip` VALUES ('15654', '3666');
INSERT INTO `npc_gossip` VALUES ('15658', '6159');
INSERT INTO `npc_gossip` VALUES ('15659', '3543');
INSERT INTO `npc_gossip` VALUES ('15661', '3543');
INSERT INTO `npc_gossip` VALUES ('15663', '3543');
INSERT INTO `npc_gossip` VALUES ('15665', '3543');
INSERT INTO `npc_gossip` VALUES ('15674', '3653');
INSERT INTO `npc_gossip` VALUES ('15678', '3543');
INSERT INTO `npc_gossip` VALUES ('15689', '3543');
INSERT INTO `npc_gossip` VALUES ('15692', '5455');
INSERT INTO `npc_gossip` VALUES ('15694', '3543');
INSERT INTO `npc_gossip` VALUES ('15717', '3543');
INSERT INTO `npc_gossip` VALUES ('15736', '3543');
INSERT INTO `npc_gossip` VALUES ('15754', '3543');
INSERT INTO `npc_gossip` VALUES ('15764', '9384');
INSERT INTO `npc_gossip` VALUES ('15769', '3543');
INSERT INTO `npc_gossip` VALUES ('15777', '821');
INSERT INTO `npc_gossip` VALUES ('15794', '3543');
INSERT INTO `npc_gossip` VALUES ('15803', '4356');
INSERT INTO `npc_gossip` VALUES ('15804', '11042');
INSERT INTO `npc_gossip` VALUES ('15824', '3543');
INSERT INTO `npc_gossip` VALUES ('15840', '6286');
INSERT INTO `npc_gossip` VALUES ('15841', '4040');
INSERT INTO `npc_gossip` VALUES ('15847', '3543');
INSERT INTO `npc_gossip` VALUES ('15848', '3543');
INSERT INTO `npc_gossip` VALUES ('15849', '4353');
INSERT INTO `npc_gossip` VALUES ('15866', '3543');
INSERT INTO `npc_gossip` VALUES ('15869', '3543');
INSERT INTO `npc_gossip` VALUES ('15870', '1619');
INSERT INTO `npc_gossip` VALUES ('15873', '3543');
INSERT INTO `npc_gossip` VALUES ('15878', '5566');
INSERT INTO `npc_gossip` VALUES ('15880', '5556');
INSERT INTO `npc_gossip` VALUES ('15885', '7189');
INSERT INTO `npc_gossip` VALUES ('15889', '3543');
INSERT INTO `npc_gossip` VALUES ('15894', '7778');
INSERT INTO `npc_gossip` VALUES ('15922', '3421');
INSERT INTO `npc_gossip` VALUES ('15927', '3543');
INSERT INTO `npc_gossip` VALUES ('15932', '3543');
INSERT INTO `npc_gossip` VALUES ('15933', '3543');
INSERT INTO `npc_gossip` VALUES ('15987', '3543');
INSERT INTO `npc_gossip` VALUES ('16014', '2055');
INSERT INTO `npc_gossip` VALUES ('16021', '3543');
INSERT INTO `npc_gossip` VALUES ('16025', '580');
INSERT INTO `npc_gossip` VALUES ('16055', '7778');
INSERT INTO `npc_gossip` VALUES ('16064', '3543');
INSERT INTO `npc_gossip` VALUES ('16073', '4439');
INSERT INTO `npc_gossip` VALUES ('16075', '3543');
INSERT INTO `npc_gossip` VALUES ('16077', '3753');
INSERT INTO `npc_gossip` VALUES ('16080', '4439');
INSERT INTO `npc_gossip` VALUES ('16092', '3543');
INSERT INTO `npc_gossip` VALUES ('16094', '4984');
INSERT INTO `npc_gossip` VALUES ('16097', '3543');
INSERT INTO `npc_gossip` VALUES ('16115', '5836');
INSERT INTO `npc_gossip` VALUES ('16118', '3543');
INSERT INTO `npc_gossip` VALUES ('16121', '5720');
INSERT INTO `npc_gossip` VALUES ('16123', '4134');
INSERT INTO `npc_gossip` VALUES ('16124', '3543');
INSERT INTO `npc_gossip` VALUES ('16127', '5715');
INSERT INTO `npc_gossip` VALUES ('16128', '4984');
INSERT INTO `npc_gossip` VALUES ('16136', '4984');
INSERT INTO `npc_gossip` VALUES ('16137', '5885');
INSERT INTO `npc_gossip` VALUES ('16139', '5720');
INSERT INTO `npc_gossip` VALUES ('16141', '4439');
INSERT INTO `npc_gossip` VALUES ('16161', '563');
INSERT INTO `npc_gossip` VALUES ('16173', '563');
INSERT INTO `npc_gossip` VALUES ('16175', '4173');
INSERT INTO `npc_gossip` VALUES ('16224', '3668');
INSERT INTO `npc_gossip` VALUES ('16227', '563');
INSERT INTO `npc_gossip` VALUES ('16287', '5836');
INSERT INTO `npc_gossip` VALUES ('16297', '5720');
INSERT INTO `npc_gossip` VALUES ('16307', '4934');
INSERT INTO `npc_gossip` VALUES ('16316', '563');
INSERT INTO `npc_gossip` VALUES ('16324', '4439');
INSERT INTO `npc_gossip` VALUES ('16357', '581');
INSERT INTO `npc_gossip` VALUES ('16365', '4984');
INSERT INTO `npc_gossip` VALUES ('16375', '4814');
INSERT INTO `npc_gossip` VALUES ('16409', '580');
INSERT INTO `npc_gossip` VALUES ('16768', '5282');
INSERT INTO `npc_gossip` VALUES ('16859', '10551');
INSERT INTO `npc_gossip` VALUES ('16882', '12650');
INSERT INTO `npc_gossip` VALUES ('17037', '580');
INSERT INTO `npc_gossip` VALUES ('17113', '3935');
INSERT INTO `npc_gossip` VALUES ('17205', '4097');
INSERT INTO `npc_gossip` VALUES ('17314', '7024');
INSERT INTO `npc_gossip` VALUES ('17315', '10778');
INSERT INTO `npc_gossip` VALUES ('17332', '5840');
INSERT INTO `npc_gossip` VALUES ('17333', '4213');
INSERT INTO `npc_gossip` VALUES ('17341', '5836');
INSERT INTO `npc_gossip` VALUES ('17345', '4984');
INSERT INTO `npc_gossip` VALUES ('17347', '5859');
INSERT INTO `npc_gossip` VALUES ('17351', '563');
INSERT INTO `npc_gossip` VALUES ('17358', '5720');
INSERT INTO `npc_gossip` VALUES ('17370', '4439');
INSERT INTO `npc_gossip` VALUES ('17382', '821');
INSERT INTO `npc_gossip` VALUES ('17385', '7778');
INSERT INTO `npc_gossip` VALUES ('17386', '581');
INSERT INTO `npc_gossip` VALUES ('17408', '5233');
INSERT INTO `npc_gossip` VALUES ('17419', '4097');
INSERT INTO `npc_gossip` VALUES ('17427', '4097');
INSERT INTO `npc_gossip` VALUES ('17430', '4097');
INSERT INTO `npc_gossip` VALUES ('17431', '4097');
INSERT INTO `npc_gossip` VALUES ('17448', '4097');
INSERT INTO `npc_gossip` VALUES ('17449', '6793');
INSERT INTO `npc_gossip` VALUES ('17463', '8366');
INSERT INTO `npc_gossip` VALUES ('17543', '580');
INSERT INTO `npc_gossip` VALUES ('17565', '4097');
INSERT INTO `npc_gossip` VALUES ('18070', '580');
INSERT INTO `npc_gossip` VALUES ('18157', '4254');
INSERT INTO `npc_gossip` VALUES ('18680', '4979');
INSERT INTO `npc_gossip` VALUES ('19204', '580');
INSERT INTO `npc_gossip` VALUES ('20564', '7042');
INSERT INTO `npc_gossip` VALUES ('20566', '7041');
INSERT INTO `npc_gossip` VALUES ('20614', '7735');
INSERT INTO `npc_gossip` VALUES ('20650', '7736');
INSERT INTO `npc_gossip` VALUES ('20698', '2038');
INSERT INTO `npc_gossip` VALUES ('20770', '7044');
INSERT INTO `npc_gossip` VALUES ('21200', '2816');
INSERT INTO `npc_gossip` VALUES ('21921', '7817');
INSERT INTO `npc_gossip` VALUES ('22961', '580');
INSERT INTO `npc_gossip` VALUES ('22971', '2954');
INSERT INTO `npc_gossip` VALUES ('22979', '580');
INSERT INTO `npc_gossip` VALUES ('22988', '1493');
INSERT INTO `npc_gossip` VALUES ('23061', '5798');
INSERT INTO `npc_gossip` VALUES ('23089', '3566');
INSERT INTO `npc_gossip` VALUES ('23103', '5177');
INSERT INTO `npc_gossip` VALUES ('23165', '1933');
INSERT INTO `npc_gossip` VALUES ('23173', '2138');
INSERT INTO `npc_gossip` VALUES ('23228', '1471');
INSERT INTO `npc_gossip` VALUES ('23235', '1519');
INSERT INTO `npc_gossip` VALUES ('23447', '7778');
INSERT INTO `npc_gossip` VALUES ('23793', '2139');
INSERT INTO `npc_gossip` VALUES ('23853', '7727');
INSERT INTO `npc_gossip` VALUES ('23881', '7729');
INSERT INTO `npc_gossip` VALUES ('23884', '7752');
INSERT INTO `npc_gossip` VALUES ('23912', '7747');
INSERT INTO `npc_gossip` VALUES ('23931', '7782');
INSERT INTO `npc_gossip` VALUES ('23941', '7779');
INSERT INTO `npc_gossip` VALUES ('23942', '7797');
INSERT INTO `npc_gossip` VALUES ('23950', '7734');
INSERT INTO `npc_gossip` VALUES ('23954', '580');
INSERT INTO `npc_gossip` VALUES ('23966', '7728');
INSERT INTO `npc_gossip` VALUES ('23989', '7778');
INSERT INTO `npc_gossip` VALUES ('23992', '7731');
INSERT INTO `npc_gossip` VALUES ('23994', '7730');
INSERT INTO `npc_gossip` VALUES ('24080', '7778');
INSERT INTO `npc_gossip` VALUES ('24093', '7732');
INSERT INTO `npc_gossip` VALUES ('24107', '7733');
INSERT INTO `npc_gossip` VALUES ('24132', '7902');
INSERT INTO `npc_gossip` VALUES ('24531', '7801');
INSERT INTO `npc_gossip` VALUES ('24746', '580');
INSERT INTO `npc_gossip` VALUES ('24816', '5516');
INSERT INTO `npc_gossip` VALUES ('24867', '6155');
INSERT INTO `npc_gossip` VALUES ('24933', '1340');
INSERT INTO `npc_gossip` VALUES ('24989', '2734');
INSERT INTO `npc_gossip` VALUES ('25031', '778');
INSERT INTO `npc_gossip` VALUES ('25060', '780');
INSERT INTO `npc_gossip` VALUES ('25073', '5495');
INSERT INTO `npc_gossip` VALUES ('25151', '778');
INSERT INTO `npc_gossip` VALUES ('25159', '932');
INSERT INTO `npc_gossip` VALUES ('25167', '6812');
INSERT INTO `npc_gossip` VALUES ('25172', '2354');
INSERT INTO `npc_gossip` VALUES ('25177', '3546');
INSERT INTO `npc_gossip` VALUES ('25179', '6741');
INSERT INTO `npc_gossip` VALUES ('25184', '3094');
INSERT INTO `npc_gossip` VALUES ('25188', '3093');
INSERT INTO `npc_gossip` VALUES ('25191', '3095');
INSERT INTO `npc_gossip` VALUES ('25192', '3096');
INSERT INTO `npc_gossip` VALUES ('25229', '2817');
INSERT INTO `npc_gossip` VALUES ('25454', '3554');
INSERT INTO `npc_gossip` VALUES ('25469', '4933');
INSERT INTO `npc_gossip` VALUES ('25564', '580');
INSERT INTO `npc_gossip` VALUES ('25613', '822');
INSERT INTO `npc_gossip` VALUES ('25654', '3471');
INSERT INTO `npc_gossip` VALUES ('25660', '5440');
INSERT INTO `npc_gossip` VALUES ('25679', '7778');
INSERT INTO `npc_gossip` VALUES ('25718', '580');
INSERT INTO `npc_gossip` VALUES ('26131', '10299');
INSERT INTO `npc_gossip` VALUES ('26403', '580');
INSERT INTO `npc_gossip` VALUES ('26447', '580');
INSERT INTO `npc_gossip` VALUES ('26452', '580');
INSERT INTO `npc_gossip` VALUES ('26535', '2835');
INSERT INTO `npc_gossip` VALUES ('26562', '822');
INSERT INTO `npc_gossip` VALUES ('26599', '580');
INSERT INTO `npc_gossip` VALUES ('26605', '7778');
INSERT INTO `npc_gossip` VALUES ('26630', '3545');
INSERT INTO `npc_gossip` VALUES ('26657', '9385');
INSERT INTO `npc_gossip` VALUES ('26661', '1757');
INSERT INTO `npc_gossip` VALUES ('26663', '7116');
INSERT INTO `npc_gossip` VALUES ('26666', '7778');
INSERT INTO `npc_gossip` VALUES ('26676', '5407');
INSERT INTO `npc_gossip` VALUES ('26686', '2638');
INSERT INTO `npc_gossip` VALUES ('26712', '7402');
INSERT INTO `npc_gossip` VALUES ('26733', '5717');
INSERT INTO `npc_gossip` VALUES ('27041', '3590');
INSERT INTO `npc_gossip` VALUES ('27276', '7778');
INSERT INTO `npc_gossip` VALUES ('27342', '7778');
INSERT INTO `npc_gossip` VALUES ('27746', '2433');
INSERT INTO `npc_gossip` VALUES ('27790', '580');
INSERT INTO `npc_gossip` VALUES ('27855', '942');
INSERT INTO `npc_gossip` VALUES ('28282', '11567');
INSERT INTO `npc_gossip` VALUES ('28361', '1818');
INSERT INTO `npc_gossip` VALUES ('28365', '7778');
INSERT INTO `npc_gossip` VALUES ('28394', '580');
INSERT INTO `npc_gossip` VALUES ('28805', '580');
INSERT INTO `npc_gossip` VALUES ('28900', '4935');
INSERT INTO `npc_gossip` VALUES ('28972', '1218');
INSERT INTO `npc_gossip` VALUES ('28985', '5717');
INSERT INTO `npc_gossip` VALUES ('28987', '5006');
INSERT INTO `npc_gossip` VALUES ('28995', '4998');
INSERT INTO `npc_gossip` VALUES ('29028', '2496');
INSERT INTO `npc_gossip` VALUES ('29822', '580');
INSERT INTO `npc_gossip` VALUES ('29920', '4072');
INSERT INTO `npc_gossip` VALUES ('29963', '5913');
INSERT INTO `npc_gossip` VALUES ('29972', '5545');
INSERT INTO `npc_gossip` VALUES ('29984', '3670');
INSERT INTO `npc_gossip` VALUES ('30003', '7315');
INSERT INTO `npc_gossip` VALUES ('30006', '1875');
INSERT INTO `npc_gossip` VALUES ('30027', '822');
INSERT INTO `npc_gossip` VALUES ('30042', '822');
INSERT INTO `npc_gossip` VALUES ('30044', '6961');
INSERT INTO `npc_gossip` VALUES ('30055', '7028');
INSERT INTO `npc_gossip` VALUES ('30073', '1218');
INSERT INTO `npc_gossip` VALUES ('30109', '522');
INSERT INTO `npc_gossip` VALUES ('30148', '4785');
INSERT INTO `npc_gossip` VALUES ('30181', '5006');
INSERT INTO `npc_gossip` VALUES ('30188', '3654');
INSERT INTO `npc_gossip` VALUES ('30198', '4443');
INSERT INTO `npc_gossip` VALUES ('30234', '4862');
INSERT INTO `npc_gossip` VALUES ('30238', '4874');
INSERT INTO `npc_gossip` VALUES ('30265', '7021');
INSERT INTO `npc_gossip` VALUES ('30269', '4072');
INSERT INTO `npc_gossip` VALUES ('30289', '5285');
INSERT INTO `npc_gossip` VALUES ('30433', '5838');
INSERT INTO `npc_gossip` VALUES ('30440', '4868');
INSERT INTO `npc_gossip` VALUES ('30448', '580');
INSERT INTO `npc_gossip` VALUES ('30487', '6353');
INSERT INTO `npc_gossip` VALUES ('31197', '6335');
INSERT INTO `npc_gossip` VALUES ('31439', '10000');
INSERT INTO `npc_gossip` VALUES ('31584', '4891');
INSERT INTO `npc_gossip` VALUES ('31616', '5212');
INSERT INTO `npc_gossip` VALUES ('31627', '6793');
INSERT INTO `npc_gossip` VALUES ('31683', '4959');
INSERT INTO `npc_gossip` VALUES ('32003', '822');
INSERT INTO `npc_gossip` VALUES ('32300', '10978');
INSERT INTO `npc_gossip` VALUES ('32307', '1218');
INSERT INTO `npc_gossip` VALUES ('32317', '6574');
INSERT INTO `npc_gossip` VALUES ('32326', '4998');
INSERT INTO `npc_gossip` VALUES ('32347', '1218');
INSERT INTO `npc_gossip` VALUES ('32354', '4998');
INSERT INTO `npc_gossip` VALUES ('32394', '1218');
INSERT INTO `npc_gossip` VALUES ('32419', '5839');
INSERT INTO `npc_gossip` VALUES ('32420', '580');
INSERT INTO `npc_gossip` VALUES ('32574', '7661');
INSERT INTO `npc_gossip` VALUES ('32587', '7654');
INSERT INTO `npc_gossip` VALUES ('32690', '68');
INSERT INTO `npc_gossip` VALUES ('32712', '1916');
INSERT INTO `npc_gossip` VALUES ('32855', '822');
INSERT INTO `npc_gossip` VALUES ('32881', '6513');
INSERT INTO `npc_gossip` VALUES ('32925', '6279');
INSERT INTO `npc_gossip` VALUES ('32965', '6957');
INSERT INTO `npc_gossip` VALUES ('33038', '9384');
INSERT INTO `npc_gossip` VALUES ('33093', '3415');
INSERT INTO `npc_gossip` VALUES ('33119', '5335');
INSERT INTO `npc_gossip` VALUES ('33121', '5497');
INSERT INTO `npc_gossip` VALUES ('33125', '1615');
INSERT INTO `npc_gossip` VALUES ('33159', '7015');
INSERT INTO `npc_gossip` VALUES ('33211', '7013');
INSERT INTO `npc_gossip` VALUES ('33243', '5500');
INSERT INTO `npc_gossip` VALUES ('33356', '6793');
INSERT INTO `npc_gossip` VALUES ('33372', '5551');
INSERT INTO `npc_gossip` VALUES ('33385', '7190');
INSERT INTO `npc_gossip` VALUES ('33397', '5428');
INSERT INTO `npc_gossip` VALUES ('33430', '5291');
INSERT INTO `npc_gossip` VALUES ('33460', '5398');
INSERT INTO `npc_gossip` VALUES ('33466', '5340');
INSERT INTO `npc_gossip` VALUES ('33505', '9385');
INSERT INTO `npc_gossip` VALUES ('33546', '5196');
INSERT INTO `npc_gossip` VALUES ('33574', '5223');
INSERT INTO `npc_gossip` VALUES ('33634', '5040');
INSERT INTO `npc_gossip` VALUES ('33637', '2353');
INSERT INTO `npc_gossip` VALUES ('33668', '5079');
INSERT INTO `npc_gossip` VALUES ('33693', '580');
INSERT INTO `npc_gossip` VALUES ('33699', '4473');
INSERT INTO `npc_gossip` VALUES ('33756', '5717');
INSERT INTO `npc_gossip` VALUES ('33759', '6793');
INSERT INTO `npc_gossip` VALUES ('33768', '825');
INSERT INTO `npc_gossip` VALUES ('33793', '2284');
INSERT INTO `npc_gossip` VALUES ('33826', '4774');
INSERT INTO `npc_gossip` VALUES ('33828', '5717');
INSERT INTO `npc_gossip` VALUES ('33926', '4439');
INSERT INTO `npc_gossip` VALUES ('33932', '6556');
INSERT INTO `npc_gossip` VALUES ('33938', '2333');
INSERT INTO `npc_gossip` VALUES ('33960', '5006');
INSERT INTO `npc_gossip` VALUES ('33971', '7028');
INSERT INTO `npc_gossip` VALUES ('33992', '2640');
INSERT INTO `npc_gossip` VALUES ('34022', '580');
INSERT INTO `npc_gossip` VALUES ('34029', '5006');
INSERT INTO `npc_gossip` VALUES ('34036', '5006');
INSERT INTO `npc_gossip` VALUES ('34082', '5882');
INSERT INTO `npc_gossip` VALUES ('34112', '4439');
INSERT INTO `npc_gossip` VALUES ('34122', '563');
INSERT INTO `npc_gossip` VALUES ('34155', '563');
INSERT INTO `npc_gossip` VALUES ('34296', '519');
INSERT INTO `npc_gossip` VALUES ('34405', '3896');
INSERT INTO `npc_gossip` VALUES ('34422', '4875');
INSERT INTO `npc_gossip` VALUES ('34439', '3795');
INSERT INTO `npc_gossip` VALUES ('34451', '1041');
INSERT INTO `npc_gossip` VALUES ('34455', '5127');
INSERT INTO `npc_gossip` VALUES ('34474', '2133');
INSERT INTO `npc_gossip` VALUES ('34657', '2193');
INSERT INTO `npc_gossip` VALUES ('34673', '3298');
INSERT INTO `npc_gossip` VALUES ('34696', '580');
INSERT INTO `npc_gossip` VALUES ('34713', '3587');
INSERT INTO `npc_gossip` VALUES ('34716', '3586');
INSERT INTO `npc_gossip` VALUES ('34920', '2954');
INSERT INTO `npc_gossip` VALUES ('34978', '4813');
INSERT INTO `npc_gossip` VALUES ('35025', '4857');
INSERT INTO `npc_gossip` VALUES ('35154', '580');
INSERT INTO `npc_gossip` VALUES ('35155', '4985');
INSERT INTO `npc_gossip` VALUES ('35168', '5004');
INSERT INTO `npc_gossip` VALUES ('35185', '4495');
INSERT INTO `npc_gossip` VALUES ('35197', '565');
INSERT INTO `npc_gossip` VALUES ('35198', '5006');
INSERT INTO `npc_gossip` VALUES ('35228', '4440');
INSERT INTO `npc_gossip` VALUES ('35274', '5715');
INSERT INTO `npc_gossip` VALUES ('35281', '5836');
INSERT INTO `npc_gossip` VALUES ('35315', '638');
INSERT INTO `npc_gossip` VALUES ('35317', '580');
INSERT INTO `npc_gossip` VALUES ('35462', '4933');
INSERT INTO `npc_gossip` VALUES ('35471', '7015');
INSERT INTO `npc_gossip` VALUES ('35509', '3554');
INSERT INTO `npc_gossip` VALUES ('35610', '3559');
INSERT INTO `npc_gossip` VALUES ('35688', '5495');
INSERT INTO `npc_gossip` VALUES ('35744', '6791');
INSERT INTO `npc_gossip` VALUES ('35760', '4126');
INSERT INTO `npc_gossip` VALUES ('35766', '5515');
INSERT INTO `npc_gossip` VALUES ('35841', '6533');
INSERT INTO `npc_gossip` VALUES ('35876', '5496');
INSERT INTO `npc_gossip` VALUES ('35896', '3471');
INSERT INTO `npc_gossip` VALUES ('35967', '2533');
INSERT INTO `npc_gossip` VALUES ('37216', '6334');
INSERT INTO `npc_gossip` VALUES ('37224', '7778');
INSERT INTO `npc_gossip` VALUES ('37271', '3453');
INSERT INTO `npc_gossip` VALUES ('37273', '1225');
INSERT INTO `npc_gossip` VALUES ('37274', '1243');
INSERT INTO `npc_gossip` VALUES ('37294', '1471');
INSERT INTO `npc_gossip` VALUES ('37508', '4037');
INSERT INTO `npc_gossip` VALUES ('37517', '4037');
INSERT INTO `npc_gossip` VALUES ('37518', '4037');
INSERT INTO `npc_gossip` VALUES ('37519', '580');
INSERT INTO `npc_gossip` VALUES ('37523', '4037');
INSERT INTO `npc_gossip` VALUES ('37560', '4037');
INSERT INTO `npc_gossip` VALUES ('37561', '4037');
INSERT INTO `npc_gossip` VALUES ('37568', '4037');
INSERT INTO `npc_gossip` VALUES ('37577', '4037');
INSERT INTO `npc_gossip` VALUES ('37579', '4793');
INSERT INTO `npc_gossip` VALUES ('37587', '4037');
INSERT INTO `npc_gossip` VALUES ('37594', '5839');
INSERT INTO `npc_gossip` VALUES ('37604', '4888');
INSERT INTO `npc_gossip` VALUES ('37627', '4037');
INSERT INTO `npc_gossip` VALUES ('37633', '4440');
INSERT INTO `npc_gossip` VALUES ('37643', '4037');
INSERT INTO `npc_gossip` VALUES ('37645', '4037');
INSERT INTO `npc_gossip` VALUES ('37646', '4037');
INSERT INTO `npc_gossip` VALUES ('37653', '5006');
INSERT INTO `npc_gossip` VALUES ('37658', '4037');
INSERT INTO `npc_gossip` VALUES ('37659', '4037');
INSERT INTO `npc_gossip` VALUES ('37666', '1040');
INSERT INTO `npc_gossip` VALUES ('37684', '4037');
INSERT INTO `npc_gossip` VALUES ('37696', '7028');
INSERT INTO `npc_gossip` VALUES ('37720', '938');
INSERT INTO `npc_gossip` VALUES ('37730', '5836');
INSERT INTO `npc_gossip` VALUES ('37757', '5715');
INSERT INTO `npc_gossip` VALUES ('37766', '4037');
INSERT INTO `npc_gossip` VALUES ('37779', '4037');
INSERT INTO `npc_gossip` VALUES ('37780', '5133');
INSERT INTO `npc_gossip` VALUES ('37782', '4037');
INSERT INTO `npc_gossip` VALUES ('37783', '4037');
INSERT INTO `npc_gossip` VALUES ('37784', '4037');
INSERT INTO `npc_gossip` VALUES ('37787', '3409');
INSERT INTO `npc_gossip` VALUES ('37798', '4037');
INSERT INTO `npc_gossip` VALUES ('37800', '4037');
INSERT INTO `npc_gossip` VALUES ('37803', '4037');
INSERT INTO `npc_gossip` VALUES ('37805', '4037');
INSERT INTO `npc_gossip` VALUES ('37807', '4037');
INSERT INTO `npc_gossip` VALUES ('37811', '4037');
INSERT INTO `npc_gossip` VALUES ('37830', '4037');
INSERT INTO `npc_gossip` VALUES ('37832', '4037');
INSERT INTO `npc_gossip` VALUES ('37834', '4037');
INSERT INTO `npc_gossip` VALUES ('37838', '4037');
INSERT INTO `npc_gossip` VALUES ('37847', '4037');
INSERT INTO `npc_gossip` VALUES ('37873', '4037');
INSERT INTO `npc_gossip` VALUES ('37887', '4037');
INSERT INTO `npc_gossip` VALUES ('38293', '678');
INSERT INTO `npc_gossip` VALUES ('38749', '5773');
INSERT INTO `npc_gossip` VALUES ('38858', '938');
INSERT INTO `npc_gossip` VALUES ('38892', '580');
INSERT INTO `npc_gossip` VALUES ('38898', '5443');
INSERT INTO `npc_gossip` VALUES ('38973', '7778');
INSERT INTO `npc_gossip` VALUES ('39095', '7726');
INSERT INTO `npc_gossip` VALUES ('39119', '5248');
INSERT INTO `npc_gossip` VALUES ('39303', '580');
INSERT INTO `npc_gossip` VALUES ('39515', '7535');
INSERT INTO `npc_gossip` VALUES ('39533', '2642');
INSERT INTO `npc_gossip` VALUES ('39564', '4693');
INSERT INTO `npc_gossip` VALUES ('39644', '5819');
INSERT INTO `npc_gossip` VALUES ('39680', '4440');
INSERT INTO `npc_gossip` VALUES ('39682', '7186');
INSERT INTO `npc_gossip` VALUES ('39689', '4440');
INSERT INTO `npc_gossip` VALUES ('39698', '4440');
INSERT INTO `npc_gossip` VALUES ('39710', '565');
INSERT INTO `npc_gossip` VALUES ('39712', '565');
INSERT INTO `npc_gossip` VALUES ('39716', '565');
INSERT INTO `npc_gossip` VALUES ('39717', '565');
INSERT INTO `npc_gossip` VALUES ('39721', '5883');
INSERT INTO `npc_gossip` VALUES ('39731', '5813');
INSERT INTO `npc_gossip` VALUES ('39762', '3375');
INSERT INTO `npc_gossip` VALUES ('39776', '3025');
INSERT INTO `npc_gossip` VALUES ('39811', '6935');
INSERT INTO `npc_gossip` VALUES ('39820', '2280');
INSERT INTO `npc_gossip` VALUES ('39823', '6957');
INSERT INTO `npc_gossip` VALUES ('39860', '6194');
INSERT INTO `npc_gossip` VALUES ('39862', '2275');
INSERT INTO `npc_gossip` VALUES ('39864', '7806');
INSERT INTO `npc_gossip` VALUES ('39866', '6194');
INSERT INTO `npc_gossip` VALUES ('39867', '6194');
INSERT INTO `npc_gossip` VALUES ('39870', '2275');
INSERT INTO `npc_gossip` VALUES ('39874', '2278');
INSERT INTO `npc_gossip` VALUES ('39879', '938');
INSERT INTO `npc_gossip` VALUES ('39901', '6250');
INSERT INTO `npc_gossip` VALUES ('39912', '5516');
INSERT INTO `npc_gossip` VALUES ('39969', '4793');
INSERT INTO `npc_gossip` VALUES ('39976', '5799');
INSERT INTO `npc_gossip` VALUES ('39980', '1038');
INSERT INTO `npc_gossip` VALUES ('39986', '1039');
INSERT INTO `npc_gossip` VALUES ('40008', '5530');
INSERT INTO `npc_gossip` VALUES ('40011', '7188');
INSERT INTO `npc_gossip` VALUES ('40016', '638');
INSERT INTO `npc_gossip` VALUES ('40020', '4513');
INSERT INTO `npc_gossip` VALUES ('40032', '5425');
INSERT INTO `npc_gossip` VALUES ('40052', '5715');
INSERT INTO `npc_gossip` VALUES ('40056', '7403');
INSERT INTO `npc_gossip` VALUES ('40064', '5715');
INSERT INTO `npc_gossip` VALUES ('40069', '2193');
INSERT INTO `npc_gossip` VALUES ('40076', '5279');
INSERT INTO `npc_gossip` VALUES ('40085', '5350');
INSERT INTO `npc_gossip` VALUES ('40106', '9385');
INSERT INTO `npc_gossip` VALUES ('40109', '5238');
INSERT INTO `npc_gossip` VALUES ('40110', '5199');
INSERT INTO `npc_gossip` VALUES ('40123', '4477');
INSERT INTO `npc_gossip` VALUES ('40139', '8733');
INSERT INTO `npc_gossip` VALUES ('40141', '5006');
INSERT INTO `npc_gossip` VALUES ('40143', '3573');
INSERT INTO `npc_gossip` VALUES ('40145', '5006');
INSERT INTO `npc_gossip` VALUES ('40146', '5008');
INSERT INTO `npc_gossip` VALUES ('40157', '2822');
INSERT INTO `npc_gossip` VALUES ('40159', '5069');
INSERT INTO `npc_gossip` VALUES ('40160', '5037');
INSERT INTO `npc_gossip` VALUES ('40162', '1040');
INSERT INTO `npc_gossip` VALUES ('40174', '1040');
INSERT INTO `npc_gossip` VALUES ('40180', '7819');
INSERT INTO `npc_gossip` VALUES ('40181', '7652');
INSERT INTO `npc_gossip` VALUES ('40189', '4987');
INSERT INTO `npc_gossip` VALUES ('40192', '5793');
INSERT INTO `npc_gossip` VALUES ('40210', '9384');
INSERT INTO `npc_gossip` VALUES ('40215', '5157');
INSERT INTO `npc_gossip` VALUES ('40216', '1571');
INSERT INTO `npc_gossip` VALUES ('40218', '7010');
INSERT INTO `npc_gossip` VALUES ('40219', '5172');
INSERT INTO `npc_gossip` VALUES ('40231', '5136');
INSERT INTO `npc_gossip` VALUES ('40233', '3961');
INSERT INTO `npc_gossip` VALUES ('40237', '3412');
INSERT INTO `npc_gossip` VALUES ('40238', '3960');
INSERT INTO `npc_gossip` VALUES ('40242', '1640');
INSERT INTO `npc_gossip` VALUES ('40243', '3954');
INSERT INTO `npc_gossip` VALUES ('40245', '3466');
INSERT INTO `npc_gossip` VALUES ('40247', '1606');
INSERT INTO `npc_gossip` VALUES ('40255', '7808');
INSERT INTO `npc_gossip` VALUES ('40280', '11189');
INSERT INTO `npc_gossip` VALUES ('40287', '6275');
INSERT INTO `npc_gossip` VALUES ('40292', '6233');
INSERT INTO `npc_gossip` VALUES ('40304', '5003');
INSERT INTO `npc_gossip` VALUES ('40305', '1635');
INSERT INTO `npc_gossip` VALUES ('40331', '5839');
INSERT INTO `npc_gossip` VALUES ('40342', '4879');
INSERT INTO `npc_gossip` VALUES ('40354', '3893');
INSERT INTO `npc_gossip` VALUES ('40495', '7778');
INSERT INTO `npc_gossip` VALUES ('40502', '6193');
INSERT INTO `npc_gossip` VALUES ('40504', '5529');
INSERT INTO `npc_gossip` VALUES ('40538', '938');
INSERT INTO `npc_gossip` VALUES ('40567', '2293');
INSERT INTO `npc_gossip` VALUES ('40640', '580');
INSERT INTO `npc_gossip` VALUES ('40868', '580');
INSERT INTO `npc_gossip` VALUES ('40906', '5360');
INSERT INTO `npc_gossip` VALUES ('40921', '580');
INSERT INTO `npc_gossip` VALUES ('40934', '4233');
INSERT INTO `npc_gossip` VALUES ('41100', '7778');
INSERT INTO `npc_gossip` VALUES ('41207', '580');
INSERT INTO `npc_gossip` VALUES ('41323', '1933');
INSERT INTO `npc_gossip` VALUES ('41368', '1796');
INSERT INTO `npc_gossip` VALUES ('41373', '820');
INSERT INTO `npc_gossip` VALUES ('41557', '5613');
INSERT INTO `npc_gossip` VALUES ('41558', '5654');
INSERT INTO `npc_gossip` VALUES ('41565', '6033');
INSERT INTO `npc_gossip` VALUES ('41577', '7778');
INSERT INTO `npc_gossip` VALUES ('41589', '6793');
INSERT INTO `npc_gossip` VALUES ('41746', '2036');
INSERT INTO `npc_gossip` VALUES ('41751', '2033');
INSERT INTO `npc_gossip` VALUES ('41890', '1994');
INSERT INTO `npc_gossip` VALUES ('41907', '580');
INSERT INTO `npc_gossip` VALUES ('41920', '2845');
INSERT INTO `npc_gossip` VALUES ('42042', '2849');
INSERT INTO `npc_gossip` VALUES ('42069', '3807');
INSERT INTO `npc_gossip` VALUES ('42075', '3864');
INSERT INTO `npc_gossip` VALUES ('42096', '3874');
INSERT INTO `npc_gossip` VALUES ('42308', '6985');
INSERT INTO `npc_gossip` VALUES ('42379', '580');
INSERT INTO `npc_gossip` VALUES ('42418', '1302');
INSERT INTO `npc_gossip` VALUES ('43045', '1351');
INSERT INTO `npc_gossip` VALUES ('43046', '1371');
INSERT INTO `npc_gossip` VALUES ('43059', '1493');
INSERT INTO `npc_gossip` VALUES ('43160', '3758');
INSERT INTO `npc_gossip` VALUES ('43201', '5100');
INSERT INTO `npc_gossip` VALUES ('43206', '4960');
INSERT INTO `npc_gossip` VALUES ('43279', '1519');
INSERT INTO `npc_gossip` VALUES ('43333', '1758');
INSERT INTO `npc_gossip` VALUES ('43348', '7778');
INSERT INTO `npc_gossip` VALUES ('43388', '7001');
INSERT INTO `npc_gossip` VALUES ('43729', '580');
INSERT INTO `npc_gossip` VALUES ('43795', '5798');
INSERT INTO `npc_gossip` VALUES ('43796', '2138');
INSERT INTO `npc_gossip` VALUES ('44076', '4634');
INSERT INTO `npc_gossip` VALUES ('44098', '5473');
INSERT INTO `npc_gossip` VALUES ('44101', '5943');
INSERT INTO `npc_gossip` VALUES ('44149', '3234');
INSERT INTO `npc_gossip` VALUES ('44170', '5476');
INSERT INTO `npc_gossip` VALUES ('44181', '824');
INSERT INTO `npc_gossip` VALUES ('44227', '3334');
INSERT INTO `npc_gossip` VALUES ('44325', '10555');
INSERT INTO `npc_gossip` VALUES ('44383', '3218');
INSERT INTO `npc_gossip` VALUES ('44599', '4841');
INSERT INTO `npc_gossip` VALUES ('44606', '825');
INSERT INTO `npc_gossip` VALUES ('44668', '580');
INSERT INTO `npc_gossip` VALUES ('44700', '8143');
INSERT INTO `npc_gossip` VALUES ('44733', '7247');
INSERT INTO `npc_gossip` VALUES ('44743', '7245');
INSERT INTO `npc_gossip` VALUES ('44744', '7243');
INSERT INTO `npc_gossip` VALUES ('44781', '7778');
INSERT INTO `npc_gossip` VALUES ('44797', '4393');
INSERT INTO `npc_gossip` VALUES ('44870', '580');
INSERT INTO `npc_gossip` VALUES ('45052', '4395');
INSERT INTO `npc_gossip` VALUES ('45185', '5177');
INSERT INTO `npc_gossip` VALUES ('45314', '2213');
INSERT INTO `npc_gossip` VALUES ('45520', '580');
INSERT INTO `npc_gossip` VALUES ('45678', '718');
INSERT INTO `npc_gossip` VALUES ('45845', '4916');
INSERT INTO `npc_gossip` VALUES ('45854', '4913');
INSERT INTO `npc_gossip` VALUES ('45857', '6154');
INSERT INTO `npc_gossip` VALUES ('45897', '4977');
INSERT INTO `npc_gossip` VALUES ('45953', '7045');
INSERT INTO `npc_gossip` VALUES ('45955', '6153');
INSERT INTO `npc_gossip` VALUES ('46013', '4753');
INSERT INTO `npc_gossip` VALUES ('46036', '7778');
INSERT INTO `npc_gossip` VALUES ('46043', '3016');
INSERT INTO `npc_gossip` VALUES ('46044', '5474');
INSERT INTO `npc_gossip` VALUES ('46045', '3016');
INSERT INTO `npc_gossip` VALUES ('46046', '6960');
INSERT INTO `npc_gossip` VALUES ('46047', '3016');
INSERT INTO `npc_gossip` VALUES ('46050', '3016');
INSERT INTO `npc_gossip` VALUES ('46051', '2153');
INSERT INTO `npc_gossip` VALUES ('46054', '3016');
INSERT INTO `npc_gossip` VALUES ('46055', '3016');
INSERT INTO `npc_gossip` VALUES ('46056', '3016');
INSERT INTO `npc_gossip` VALUES ('46057', '3016');
INSERT INTO `npc_gossip` VALUES ('46246', '3016');
INSERT INTO `npc_gossip` VALUES ('46247', '3016');
INSERT INTO `npc_gossip` VALUES ('46248', '3016');
INSERT INTO `npc_gossip` VALUES ('46250', '3016');
INSERT INTO `npc_gossip` VALUES ('46266', '4437');
INSERT INTO `npc_gossip` VALUES ('46268', '3016');
INSERT INTO `npc_gossip` VALUES ('46272', '3016');
INSERT INTO `npc_gossip` VALUES ('46292', '3016');
INSERT INTO `npc_gossip` VALUES ('46298', '3016');
INSERT INTO `npc_gossip` VALUES ('46300', '3016');
INSERT INTO `npc_gossip` VALUES ('46304', '4437');
INSERT INTO `npc_gossip` VALUES ('46306', '3016');
INSERT INTO `npc_gossip` VALUES ('46309', '5873');
INSERT INTO `npc_gossip` VALUES ('46316', '3016');
INSERT INTO `npc_gossip` VALUES ('46317', '3016');
INSERT INTO `npc_gossip` VALUES ('46318', '4437');
INSERT INTO `npc_gossip` VALUES ('46321', '4437');
INSERT INTO `npc_gossip` VALUES ('46327', '3016');
INSERT INTO `npc_gossip` VALUES ('46329', '3016');
INSERT INTO `npc_gossip` VALUES ('46338', '580');
INSERT INTO `npc_gossip` VALUES ('46347', '3016');
INSERT INTO `npc_gossip` VALUES ('46348', '3016');
INSERT INTO `npc_gossip` VALUES ('46372', '4316');
INSERT INTO `npc_gossip` VALUES ('46386', '4780');
INSERT INTO `npc_gossip` VALUES ('46404', '7017');
INSERT INTO `npc_gossip` VALUES ('46414', '4316');
INSERT INTO `npc_gossip` VALUES ('46422', '738');
INSERT INTO `npc_gossip` VALUES ('46460', '824');
INSERT INTO `npc_gossip` VALUES ('46488', '5725');
INSERT INTO `npc_gossip` VALUES ('46494', '3016');
INSERT INTO `npc_gossip` VALUES ('46510', '4316');
INSERT INTO `npc_gossip` VALUES ('46519', '4316');
INSERT INTO `npc_gossip` VALUES ('46528', '4316');
INSERT INTO `npc_gossip` VALUES ('46564', '4316');
INSERT INTO `npc_gossip` VALUES ('46575', '4316');
INSERT INTO `npc_gossip` VALUES ('46586', '7026');
INSERT INTO `npc_gossip` VALUES ('46587', '3016');
INSERT INTO `npc_gossip` VALUES ('46588', '2641');
INSERT INTO `npc_gossip` VALUES ('46591', '4437');
INSERT INTO `npc_gossip` VALUES ('46592', '4316');
INSERT INTO `npc_gossip` VALUES ('46595', '6291');
INSERT INTO `npc_gossip` VALUES ('46610', '5477');
INSERT INTO `npc_gossip` VALUES ('46617', '7616');
INSERT INTO `npc_gossip` VALUES ('46628', '3016');
INSERT INTO `npc_gossip` VALUES ('46635', '3016');
INSERT INTO `npc_gossip` VALUES ('46636', '3016');
INSERT INTO `npc_gossip` VALUES ('46638', '3076');
INSERT INTO `npc_gossip` VALUES ('46640', '3016');
INSERT INTO `npc_gossip` VALUES ('46649', '3016');
INSERT INTO `npc_gossip` VALUES ('46652', '3016');
INSERT INTO `npc_gossip` VALUES ('46656', '3016');
INSERT INTO `npc_gossip` VALUES ('46657', '3016');
INSERT INTO `npc_gossip` VALUES ('46665', '3016');
INSERT INTO `npc_gossip` VALUES ('46673', '7665');
INSERT INTO `npc_gossip` VALUES ('46678', '7481');
INSERT INTO `npc_gossip` VALUES ('46683', '3016');
INSERT INTO `npc_gossip` VALUES ('46697', '5725');
INSERT INTO `npc_gossip` VALUES ('46700', '5725');
INSERT INTO `npc_gossip` VALUES ('46702', '3016');
INSERT INTO `npc_gossip` VALUES ('46704', '4316');
INSERT INTO `npc_gossip` VALUES ('46706', '7818');
INSERT INTO `npc_gossip` VALUES ('46710', '3016');
INSERT INTO `npc_gossip` VALUES ('46711', '3016');
INSERT INTO `npc_gossip` VALUES ('46737', '4316');
INSERT INTO `npc_gossip` VALUES ('46764', '580');
INSERT INTO `npc_gossip` VALUES ('46767', '4794');
INSERT INTO `npc_gossip` VALUES ('46778', '68');
INSERT INTO `npc_gossip` VALUES ('46790', '7193');
INSERT INTO `npc_gossip` VALUES ('46791', '9073');
INSERT INTO `npc_gossip` VALUES ('46795', '7665');
INSERT INTO `npc_gossip` VALUES ('46798', '5540');
INSERT INTO `npc_gossip` VALUES ('46803', '4794');
INSERT INTO `npc_gossip` VALUES ('46804', '5325');
INSERT INTO `npc_gossip` VALUES ('46808', '5393');
INSERT INTO `npc_gossip` VALUES ('46809', '4316');
INSERT INTO `npc_gossip` VALUES ('46813', '7017');
INSERT INTO `npc_gossip` VALUES ('46814', '5437');
INSERT INTO `npc_gossip` VALUES ('46817', '5273');
INSERT INTO `npc_gossip` VALUES ('46818', '4794');
INSERT INTO `npc_gossip` VALUES ('46850', '5862');
INSERT INTO `npc_gossip` VALUES ('46853', '824');
INSERT INTO `npc_gossip` VALUES ('46859', '5844');
INSERT INTO `npc_gossip` VALUES ('46861', '5213');
INSERT INTO `npc_gossip` VALUES ('46872', '5187');
INSERT INTO `npc_gossip` VALUES ('46873', '7026');
INSERT INTO `npc_gossip` VALUES ('46875', '5265');
INSERT INTO `npc_gossip` VALUES ('46887', '5838');
INSERT INTO `npc_gossip` VALUES ('46889', '2285');
INSERT INTO `npc_gossip` VALUES ('46892', '4863');
INSERT INTO `npc_gossip` VALUES ('46894', '4781');
INSERT INTO `npc_gossip` VALUES ('46896', '2037');
INSERT INTO `npc_gossip` VALUES ('46903', '4781');
INSERT INTO `npc_gossip` VALUES ('46904', '6160');
INSERT INTO `npc_gossip` VALUES ('46915', '4994');
INSERT INTO `npc_gossip` VALUES ('46985', '4936');
INSERT INTO `npc_gossip` VALUES ('47030', '580');
INSERT INTO `npc_gossip` VALUES ('47083', '4863');
INSERT INTO `npc_gossip` VALUES ('47084', '4437');
INSERT INTO `npc_gossip` VALUES ('47087', '4783');
INSERT INTO `npc_gossip` VALUES ('47127', '4794');
INSERT INTO `npc_gossip` VALUES ('47133', '5725');
INSERT INTO `npc_gossip` VALUES ('47232', '5190');
INSERT INTO `npc_gossip` VALUES ('47388', '580');
INSERT INTO `npc_gossip` VALUES ('47609', '5894');
INSERT INTO `npc_gossip` VALUES ('48017', '3755');
INSERT INTO `npc_gossip` VALUES ('48042', '824');
INSERT INTO `npc_gossip` VALUES ('65890', '9877');
INSERT INTO `npc_gossip` VALUES ('48529', '7594');
INSERT INTO `npc_gossip` VALUES ('48665', '4445');
INSERT INTO `npc_gossip` VALUES ('48701', '4446');
INSERT INTO `npc_gossip` VALUES ('48725', '4445');
INSERT INTO `npc_gossip` VALUES ('48744', '4445');
INSERT INTO `npc_gossip` VALUES ('48767', '2636');
INSERT INTO `npc_gossip` VALUES ('48790', '2636');
INSERT INTO `npc_gossip` VALUES ('48801', '2973');
INSERT INTO `npc_gossip` VALUES ('48819', '2636');
INSERT INTO `npc_gossip` VALUES ('48838', '2598');
INSERT INTO `npc_gossip` VALUES ('48839', '2596');
INSERT INTO `npc_gossip` VALUES ('48841', '2595');
INSERT INTO `npc_gossip` VALUES ('48856', '5834');
INSERT INTO `npc_gossip` VALUES ('48872', '2643');
INSERT INTO `npc_gossip` VALUES ('48909', '1758');
INSERT INTO `npc_gossip` VALUES ('48911', '2758');
INSERT INTO `npc_gossip` VALUES ('48913', '2727');
INSERT INTO `npc_gossip` VALUES ('48927', '2758');
INSERT INTO `npc_gossip` VALUES ('48932', '2758');
INSERT INTO `npc_gossip` VALUES ('48944', '2600');
INSERT INTO `npc_gossip` VALUES ('48955', '2758');
INSERT INTO `npc_gossip` VALUES ('49013', '2597');
INSERT INTO `npc_gossip` VALUES ('49020', '2602');
INSERT INTO `npc_gossip` VALUES ('49023', '2637');
INSERT INTO `npc_gossip` VALUES ('49028', '2637');
INSERT INTO `npc_gossip` VALUES ('49178', '8123');
INSERT INTO `npc_gossip` VALUES ('49408', '8356');
INSERT INTO `npc_gossip` VALUES ('49420', '8355');
INSERT INTO `npc_gossip` VALUES ('49421', '8359');
INSERT INTO `npc_gossip` VALUES ('49564', '9868');
INSERT INTO `npc_gossip` VALUES ('49604', '8353');
INSERT INTO `npc_gossip` VALUES ('49943', '1693');
INSERT INTO `npc_gossip` VALUES ('50175', '3156');
INSERT INTO `npc_gossip` VALUES ('50273', '3156');
INSERT INTO `npc_gossip` VALUES ('50433', '5253');
INSERT INTO `npc_gossip` VALUES ('50843', '2593');
INSERT INTO `npc_gossip` VALUES ('50844', '2593');
INSERT INTO `npc_gossip` VALUES ('50845', '2593');
INSERT INTO `npc_gossip` VALUES ('50848', '8332');
INSERT INTO `npc_gossip` VALUES ('50946', '8335');
INSERT INTO `npc_gossip` VALUES ('51199', '9067');
INSERT INTO `npc_gossip` VALUES ('51200', '798');
INSERT INTO `npc_gossip` VALUES ('51257', '799');
INSERT INTO `npc_gossip` VALUES ('51781', '6957');
INSERT INTO `npc_gossip` VALUES ('52110', '7778');
INSERT INTO `npc_gossip` VALUES ('52111', '938');
INSERT INTO `npc_gossip` VALUES ('52113', '7659');
INSERT INTO `npc_gossip` VALUES ('52114', '7668');
INSERT INTO `npc_gossip` VALUES ('52115', '7667');
INSERT INTO `npc_gossip` VALUES ('52116', '7666');
INSERT INTO `npc_gossip` VALUES ('52117', '3557');
INSERT INTO `npc_gossip` VALUES ('52186', '7721');
INSERT INTO `npc_gossip` VALUES ('52252', '9417');
INSERT INTO `npc_gossip` VALUES ('52258', '7778');
INSERT INTO `npc_gossip` VALUES ('52278', '3583');
INSERT INTO `npc_gossip` VALUES ('52369', '3048');
INSERT INTO `npc_gossip` VALUES ('52495', '7778');
INSERT INTO `npc_gossip` VALUES ('52501', '5653');
INSERT INTO `npc_gossip` VALUES ('52664', '6574');
INSERT INTO `npc_gossip` VALUES ('52665', '6334');
INSERT INTO `npc_gossip` VALUES ('52824', '8703');
INSERT INTO `npc_gossip` VALUES ('52952', '7249');
INSERT INTO `npc_gossip` VALUES ('52970', '7704');
INSERT INTO `npc_gossip` VALUES ('52971', '7704');
INSERT INTO `npc_gossip` VALUES ('52972', '7704');
INSERT INTO `npc_gossip` VALUES ('53155', '7638');
INSERT INTO `npc_gossip` VALUES ('53198', '5288');
INSERT INTO `npc_gossip` VALUES ('53378', '7662');
INSERT INTO `npc_gossip` VALUES ('53452', '10062');
INSERT INTO `npc_gossip` VALUES ('53583', '933');
INSERT INTO `npc_gossip` VALUES ('53584', '933');
INSERT INTO `npc_gossip` VALUES ('53588', '1235');
INSERT INTO `npc_gossip` VALUES ('53597', '2760');
INSERT INTO `npc_gossip` VALUES ('53598', '2760');
INSERT INTO `npc_gossip` VALUES ('53609', '3801');
INSERT INTO `npc_gossip` VALUES ('53887', '9118');
INSERT INTO `npc_gossip` VALUES ('54364', '10215');
INSERT INTO `npc_gossip` VALUES ('54372', '10215');
INSERT INTO `npc_gossip` VALUES ('54443', '7916');
INSERT INTO `npc_gossip` VALUES ('54459', '2593');
INSERT INTO `npc_gossip` VALUES ('54460', '2593');
INSERT INTO `npc_gossip` VALUES ('54495', '10237');
INSERT INTO `npc_gossip` VALUES ('54525', '8836');
INSERT INTO `npc_gossip` VALUES ('54533', '10041');
INSERT INTO `npc_gossip` VALUES ('54534', '3');
INSERT INTO `npc_gossip` VALUES ('54543', '8103');
INSERT INTO `npc_gossip` VALUES ('54545', '8790');
INSERT INTO `npc_gossip` VALUES ('54554', '2593');
INSERT INTO `npc_gossip` VALUES ('54576', '10040');
INSERT INTO `npc_gossip` VALUES ('54732', '2593');
INSERT INTO `npc_gossip` VALUES ('54733', '2593');
INSERT INTO `npc_gossip` VALUES ('54734', '2593');
INSERT INTO `npc_gossip` VALUES ('54735', '2593');
INSERT INTO `npc_gossip` VALUES ('54736', '2593');
INSERT INTO `npc_gossip` VALUES ('54737', '2593');
INSERT INTO `npc_gossip` VALUES ('54738', '2593');
INSERT INTO `npc_gossip` VALUES ('54739', '2593');
INSERT INTO `npc_gossip` VALUES ('54740', '2593');
INSERT INTO `npc_gossip` VALUES ('54741', '2593');
INSERT INTO `npc_gossip` VALUES ('54742', '2593');
INSERT INTO `npc_gossip` VALUES ('54743', '2593');
INSERT INTO `npc_gossip` VALUES ('54744', '2593');
INSERT INTO `npc_gossip` VALUES ('54745', '2593');
INSERT INTO `npc_gossip` VALUES ('54746', '2593');
INSERT INTO `npc_gossip` VALUES ('54747', '2593');
INSERT INTO `npc_gossip` VALUES ('54748', '2593');
INSERT INTO `npc_gossip` VALUES ('54749', '2593');
INSERT INTO `npc_gossip` VALUES ('54750', '2593');
INSERT INTO `npc_gossip` VALUES ('54751', '2593');
INSERT INTO `npc_gossip` VALUES ('54752', '2593');
INSERT INTO `npc_gossip` VALUES ('54753', '2593');
INSERT INTO `npc_gossip` VALUES ('54754', '2593');
INSERT INTO `npc_gossip` VALUES ('54755', '2593');
INSERT INTO `npc_gossip` VALUES ('54756', '2593');
INSERT INTO `npc_gossip` VALUES ('54757', '2593');
INSERT INTO `npc_gossip` VALUES ('54758', '2593');
INSERT INTO `npc_gossip` VALUES ('54759', '2593');
INSERT INTO `npc_gossip` VALUES ('54760', '2593');
INSERT INTO `npc_gossip` VALUES ('54761', '2593');
INSERT INTO `npc_gossip` VALUES ('54762', '2593');
INSERT INTO `npc_gossip` VALUES ('54763', '2593');
INSERT INTO `npc_gossip` VALUES ('54764', '2593');
INSERT INTO `npc_gossip` VALUES ('54765', '2593');
INSERT INTO `npc_gossip` VALUES ('54766', '2593');
INSERT INTO `npc_gossip` VALUES ('54767', '2593');
INSERT INTO `npc_gossip` VALUES ('54768', '2593');
INSERT INTO `npc_gossip` VALUES ('54769', '2593');
INSERT INTO `npc_gossip` VALUES ('54770', '2593');
INSERT INTO `npc_gossip` VALUES ('54900', '2593');
INSERT INTO `npc_gossip` VALUES ('54901', '2593');
INSERT INTO `npc_gossip` VALUES ('54902', '2593');
INSERT INTO `npc_gossip` VALUES ('54903', '2593');
INSERT INTO `npc_gossip` VALUES ('54904', '2593');
INSERT INTO `npc_gossip` VALUES ('54905', '2593');
INSERT INTO `npc_gossip` VALUES ('54906', '2593');
INSERT INTO `npc_gossip` VALUES ('54907', '2593');
INSERT INTO `npc_gossip` VALUES ('54908', '2593');
INSERT INTO `npc_gossip` VALUES ('54909', '2593');
INSERT INTO `npc_gossip` VALUES ('54910', '2593');
INSERT INTO `npc_gossip` VALUES ('54911', '2593');
INSERT INTO `npc_gossip` VALUES ('54912', '2593');
INSERT INTO `npc_gossip` VALUES ('54913', '2593');
INSERT INTO `npc_gossip` VALUES ('54914', '2593');
INSERT INTO `npc_gossip` VALUES ('54915', '2593');
INSERT INTO `npc_gossip` VALUES ('54916', '2593');
INSERT INTO `npc_gossip` VALUES ('54917', '2593');
INSERT INTO `npc_gossip` VALUES ('54918', '2593');
INSERT INTO `npc_gossip` VALUES ('54919', '2593');
INSERT INTO `npc_gossip` VALUES ('54920', '2593');
INSERT INTO `npc_gossip` VALUES ('54921', '2593');
INSERT INTO `npc_gossip` VALUES ('54922', '2593');
INSERT INTO `npc_gossip` VALUES ('54923', '2593');
INSERT INTO `npc_gossip` VALUES ('54924', '2593');
INSERT INTO `npc_gossip` VALUES ('54925', '2593');
INSERT INTO `npc_gossip` VALUES ('54926', '2593');
INSERT INTO `npc_gossip` VALUES ('54927', '2593');
INSERT INTO `npc_gossip` VALUES ('54928', '2593');
INSERT INTO `npc_gossip` VALUES ('54929', '2593');
INSERT INTO `npc_gossip` VALUES ('54930', '2593');
INSERT INTO `npc_gossip` VALUES ('54931', '2593');
INSERT INTO `npc_gossip` VALUES ('54932', '2593');
INSERT INTO `npc_gossip` VALUES ('54933', '8770');
INSERT INTO `npc_gossip` VALUES ('54944', '9357');
INSERT INTO `npc_gossip` VALUES ('55016', '8768');
INSERT INTO `npc_gossip` VALUES ('55090', '7778');
INSERT INTO `npc_gossip` VALUES ('55091', '10180');
INSERT INTO `npc_gossip` VALUES ('55093', '10180');
INSERT INTO `npc_gossip` VALUES ('55094', '10180');
INSERT INTO `npc_gossip` VALUES ('55123', '580');
INSERT INTO `npc_gossip` VALUES ('55124', '9529');
INSERT INTO `npc_gossip` VALUES ('55234', '9584');
INSERT INTO `npc_gossip` VALUES ('55236', '10025');
INSERT INTO `npc_gossip` VALUES ('55237', '10025');
INSERT INTO `npc_gossip` VALUES ('55238', '8589');
INSERT INTO `npc_gossip` VALUES ('55241', '8584');
INSERT INTO `npc_gossip` VALUES ('55242', '10025');
INSERT INTO `npc_gossip` VALUES ('55243', '10025');
INSERT INTO `npc_gossip` VALUES ('55248', '10279');
INSERT INTO `npc_gossip` VALUES ('55252', '10025');
INSERT INTO `npc_gossip` VALUES ('55253', '10025');
INSERT INTO `npc_gossip` VALUES ('55254', '10025');
INSERT INTO `npc_gossip` VALUES ('55255', '8534');
INSERT INTO `npc_gossip` VALUES ('55256', '8239');
INSERT INTO `npc_gossip` VALUES ('55262', '9622');
INSERT INTO `npc_gossip` VALUES ('55263', '8760');
INSERT INTO `npc_gossip` VALUES ('55264', '8760');
INSERT INTO `npc_gossip` VALUES ('55265', '8760');
INSERT INTO `npc_gossip` VALUES ('55266', '8760');
INSERT INTO `npc_gossip` VALUES ('55267', '8760');
INSERT INTO `npc_gossip` VALUES ('55268', '8760');
INSERT INTO `npc_gossip` VALUES ('55269', '8760');
INSERT INTO `npc_gossip` VALUES ('55296', '8700');
INSERT INTO `npc_gossip` VALUES ('55586', '10180');
INSERT INTO `npc_gossip` VALUES ('55587', '10180');
INSERT INTO `npc_gossip` VALUES ('55588', '10180');
INSERT INTO `npc_gossip` VALUES ('55620', '10180');
INSERT INTO `npc_gossip` VALUES ('55629', '10180');
INSERT INTO `npc_gossip` VALUES ('55965', '8501');
INSERT INTO `npc_gossip` VALUES ('130869', '9962');
INSERT INTO `npc_gossip` VALUES ('56232', '9020');
INSERT INTO `npc_gossip` VALUES ('56233', '8487');
INSERT INTO `npc_gossip` VALUES ('56234', '8572');
INSERT INTO `npc_gossip` VALUES ('56235', '8638');
INSERT INTO `npc_gossip` VALUES ('56236', '8564');
INSERT INTO `npc_gossip` VALUES ('56238', '8565');
INSERT INTO `npc_gossip` VALUES ('56285', '7778');
INSERT INTO `npc_gossip` VALUES ('56352', '580');
INSERT INTO `npc_gossip` VALUES ('56353', '580');
INSERT INTO `npc_gossip` VALUES ('56378', '9384');
INSERT INTO `npc_gossip` VALUES ('56383', '11051');
INSERT INTO `npc_gossip` VALUES ('56397', '7778');
INSERT INTO `npc_gossip` VALUES ('56886', '7778');
INSERT INTO `npc_gossip` VALUES ('56911', '9546');
INSERT INTO `npc_gossip` VALUES ('56914', '9546');
INSERT INTO `npc_gossip` VALUES ('56915', '10707');
INSERT INTO `npc_gossip` VALUES ('56916', '10682');
INSERT INTO `npc_gossip` VALUES ('57223', '9575');
INSERT INTO `npc_gossip` VALUES ('57226', '9656');
INSERT INTO `npc_gossip` VALUES ('57245', '9546');
INSERT INTO `npc_gossip` VALUES ('57259', '9826');
INSERT INTO `npc_gossip` VALUES ('57265', '9871');
INSERT INTO `npc_gossip` VALUES ('57269', '9980');
INSERT INTO `npc_gossip` VALUES ('57274', '10031');
INSERT INTO `npc_gossip` VALUES ('57275', '9916');
INSERT INTO `npc_gossip` VALUES ('57285', '7778');
INSERT INTO `npc_gossip` VALUES ('57287', '9937');
INSERT INTO `npc_gossip` VALUES ('57291', '10365');
INSERT INTO `npc_gossip` VALUES ('57299', '9844');
INSERT INTO `npc_gossip` VALUES ('57300', '9875');
INSERT INTO `npc_gossip` VALUES ('57335', '9546');
INSERT INTO `npc_gossip` VALUES ('57343', '9989');
INSERT INTO `npc_gossip` VALUES ('57357', '9993');
INSERT INTO `npc_gossip` VALUES ('57361', '9948');
INSERT INTO `npc_gossip` VALUES ('57365', '9832');
INSERT INTO `npc_gossip` VALUES ('57366', '9949');
INSERT INTO `npc_gossip` VALUES ('57480', '9971');
INSERT INTO `npc_gossip` VALUES ('57481', '9959');
INSERT INTO `npc_gossip` VALUES ('57485', '10179');
INSERT INTO `npc_gossip` VALUES ('57494', '10152');
INSERT INTO `npc_gossip` VALUES ('57509', '10232');
INSERT INTO `npc_gossip` VALUES ('57716', '8703');
INSERT INTO `npc_gossip` VALUES ('57719', '8703');
INSERT INTO `npc_gossip` VALUES ('57732', '8703');
INSERT INTO `npc_gossip` VALUES ('57750', '8703');
INSERT INTO `npc_gossip` VALUES ('57986', '9902');
INSERT INTO `npc_gossip` VALUES ('57994', '9847');
INSERT INTO `npc_gossip` VALUES ('57995', '9848');
INSERT INTO `npc_gossip` VALUES ('57996', '10064');
INSERT INTO `npc_gossip` VALUES ('58066', '8703');
INSERT INTO `npc_gossip` VALUES ('58068', '9051');
INSERT INTO `npc_gossip` VALUES ('58209', '9869');
INSERT INTO `npc_gossip` VALUES ('58214', '10042');
INSERT INTO `npc_gossip` VALUES ('58216', '10022');
INSERT INTO `npc_gossip` VALUES ('58219', '9863');
INSERT INTO `npc_gossip` VALUES ('58242', '10846');
INSERT INTO `npc_gossip` VALUES ('58243', '9546');
INSERT INTO `npc_gossip` VALUES ('58245', '10054');
INSERT INTO `npc_gossip` VALUES ('58248', '10057');
INSERT INTO `npc_gossip` VALUES ('58250', '10687');
INSERT INTO `npc_gossip` VALUES ('58258', '10053');
INSERT INTO `npc_gossip` VALUES ('58354', '10006');
INSERT INTO `npc_gossip` VALUES ('58688', '10717');
INSERT INTO `npc_gossip` VALUES ('58799', '9546');
INSERT INTO `npc_gossip` VALUES ('58800', '8634');
INSERT INTO `npc_gossip` VALUES ('58812', '10306');
INSERT INTO `npc_gossip` VALUES ('58825', '9997');
INSERT INTO `npc_gossip` VALUES ('58831', '10846');
INSERT INTO `npc_gossip` VALUES ('59035', '10255');
INSERT INTO `npc_gossip` VALUES ('59037', '9775');
INSERT INTO `npc_gossip` VALUES ('59044', '9801');
INSERT INTO `npc_gossip` VALUES ('59045', '9784');
INSERT INTO `npc_gossip` VALUES ('59115', '8771');
INSERT INTO `npc_gossip` VALUES ('59138', '8688');
INSERT INTO `npc_gossip` VALUES ('59149', '8961');
INSERT INTO `npc_gossip` VALUES ('59151', '9938');
INSERT INTO `npc_gossip` VALUES ('59161', '9384');
INSERT INTO `npc_gossip` VALUES ('59169', '9546');
INSERT INTO `npc_gossip` VALUES ('59170', '9385');
INSERT INTO `npc_gossip` VALUES ('59178', '8712');
INSERT INTO `npc_gossip` VALUES ('59203', '10683');
INSERT INTO `npc_gossip` VALUES ('59205', '9599');
INSERT INTO `npc_gossip` VALUES ('59212', '8658');
INSERT INTO `npc_gossip` VALUES ('59233', '9631');
INSERT INTO `npc_gossip` VALUES ('59243', '9942');
INSERT INTO `npc_gossip` VALUES ('59247', '10275');
INSERT INTO `npc_gossip` VALUES ('59251', '8713');
INSERT INTO `npc_gossip` VALUES ('59498', '9599');
INSERT INTO `npc_gossip` VALUES ('59522', '9546');
INSERT INTO `npc_gossip` VALUES ('59523', '7778');
INSERT INTO `npc_gossip` VALUES ('59524', '9546');
INSERT INTO `npc_gossip` VALUES ('59525', '9657');
INSERT INTO `npc_gossip` VALUES ('59563', '10005');
INSERT INTO `npc_gossip` VALUES ('59653', '8659');
INSERT INTO `npc_gossip` VALUES ('59659', '9643');
INSERT INTO `npc_gossip` VALUES ('59660', '9645');
INSERT INTO `npc_gossip` VALUES ('59664', '8848');
INSERT INTO `npc_gossip` VALUES ('59665', '8751');
INSERT INTO `npc_gossip` VALUES ('59681', '9644');
INSERT INTO `npc_gossip` VALUES ('59684', '8681');
INSERT INTO `npc_gossip` VALUES ('59685', '8675');
INSERT INTO `npc_gossip` VALUES ('59686', '8685');
INSERT INTO `npc_gossip` VALUES ('59687', '8680');
INSERT INTO `npc_gossip` VALUES ('59688', '8618');
INSERT INTO `npc_gossip` VALUES ('59691', '8674');
INSERT INTO `npc_gossip` VALUES ('59693', '7778');
INSERT INTO `npc_gossip` VALUES ('59835', '8792');
INSERT INTO `npc_gossip` VALUES ('59837', '8754');
INSERT INTO `npc_gossip` VALUES ('59838', '9051');
INSERT INTO `npc_gossip` VALUES ('59839', '7778');
INSERT INTO `npc_gossip` VALUES ('59843', '9647');
INSERT INTO `npc_gossip` VALUES ('59848', '8853');
INSERT INTO `npc_gossip` VALUES ('59851', '8854');
INSERT INTO `npc_gossip` VALUES ('59853', '9646');
INSERT INTO `npc_gossip` VALUES ('59854', '8851');
INSERT INTO `npc_gossip` VALUES ('59855', '8852');
INSERT INTO `npc_gossip` VALUES ('60103', '8673');
INSERT INTO `npc_gossip` VALUES ('60104', '8672');
INSERT INTO `npc_gossip` VALUES ('60159', '10105');
INSERT INTO `npc_gossip` VALUES ('60165', '9787');
INSERT INTO `npc_gossip` VALUES ('60191', '10104');
INSERT INTO `npc_gossip` VALUES ('60200', '10103');
INSERT INTO `npc_gossip` VALUES ('60253', '10637');
INSERT INTO `npc_gossip` VALUES ('60279', '10553');
INSERT INTO `npc_gossip` VALUES ('60323', '10544');
INSERT INTO `npc_gossip` VALUES ('60369', '580');
INSERT INTO `npc_gossip` VALUES ('60585', '10667');
INSERT INTO `npc_gossip` VALUES ('60706', '580');
INSERT INTO `npc_gossip` VALUES ('60892', '10534');
INSERT INTO `npc_gossip` VALUES ('60901', '10657');
INSERT INTO `npc_gossip` VALUES ('60911', '10251');
INSERT INTO `npc_gossip` VALUES ('60918', '10252');
INSERT INTO `npc_gossip` VALUES ('60922', '10322');
INSERT INTO `npc_gossip` VALUES ('61189', '7778');
INSERT INTO `npc_gossip` VALUES ('61204', '10249');
INSERT INTO `npc_gossip` VALUES ('61216', '10647');
INSERT INTO `npc_gossip` VALUES ('61355', '10469');
INSERT INTO `npc_gossip` VALUES ('61404', '10450');
INSERT INTO `npc_gossip` VALUES ('61418', '7778');
INSERT INTO `npc_gossip` VALUES ('61438', '10360');
INSERT INTO `npc_gossip` VALUES ('61441', '10569');
INSERT INTO `npc_gossip` VALUES ('61454', '10889');
INSERT INTO `npc_gossip` VALUES ('61456', '10466');
INSERT INTO `npc_gossip` VALUES ('61457', '10444');
INSERT INTO `npc_gossip` VALUES ('61459', '10423');
INSERT INTO `npc_gossip` VALUES ('61499', '10410');
INSERT INTO `npc_gossip` VALUES ('61773', '10554');
INSERT INTO `npc_gossip` VALUES ('61785', '10640');
INSERT INTO `npc_gossip` VALUES ('61786', '10538');
INSERT INTO `npc_gossip` VALUES ('61788', '7778');
INSERT INTO `npc_gossip` VALUES ('61790', '10612');
INSERT INTO `npc_gossip` VALUES ('62018', '10603');
INSERT INTO `npc_gossip` VALUES ('62020', '10069');
INSERT INTO `npc_gossip` VALUES ('62021', '10608');
INSERT INTO `npc_gossip` VALUES ('62022', '10215');
INSERT INTO `npc_gossip` VALUES ('62057', '10300');
INSERT INTO `npc_gossip` VALUES ('62255', '10246');
INSERT INTO `npc_gossip` VALUES ('62257', '10245');
INSERT INTO `npc_gossip` VALUES ('62259', '10264');
INSERT INTO `npc_gossip` VALUES ('62261', '824');
INSERT INTO `npc_gossip` VALUES ('62265', '7778');
INSERT INTO `npc_gossip` VALUES ('62271', '10271');
INSERT INTO `npc_gossip` VALUES ('62272', '10270');
INSERT INTO `npc_gossip` VALUES ('62322', '10259');
INSERT INTO `npc_gossip` VALUES ('62323', '10661');
INSERT INTO `npc_gossip` VALUES ('62333', '938');
INSERT INTO `npc_gossip` VALUES ('62335', '7024');
INSERT INTO `npc_gossip` VALUES ('62336', '10887');
INSERT INTO `npc_gossip` VALUES ('62344', '9131');
INSERT INTO `npc_gossip` VALUES ('62389', '9177');
INSERT INTO `npc_gossip` VALUES ('62392', '9546');
INSERT INTO `npc_gossip` VALUES ('62532', '9267');
INSERT INTO `npc_gossip` VALUES ('62536', '9267');
INSERT INTO `npc_gossip` VALUES ('62543', '9269');
INSERT INTO `npc_gossip` VALUES ('62567', '9617');
INSERT INTO `npc_gossip` VALUES ('62568', '9086');
INSERT INTO `npc_gossip` VALUES ('62579', '9167');
INSERT INTO `npc_gossip` VALUES ('62580', '10266');
INSERT INTO `npc_gossip` VALUES ('62583', '9196');
INSERT INTO `npc_gossip` VALUES ('62584', '9176');
INSERT INTO `npc_gossip` VALUES ('62650', '9441');
INSERT INTO `npc_gossip` VALUES ('63065', '9236');
INSERT INTO `npc_gossip` VALUES ('63066', '9235');
INSERT INTO `npc_gossip` VALUES ('63068', '9238');
INSERT INTO `npc_gossip` VALUES ('63069', '9237');
INSERT INTO `npc_gossip` VALUES ('63070', '7778');
INSERT INTO `npc_gossip` VALUES ('63323', '9202');
INSERT INTO `npc_gossip` VALUES ('63331', '9108');
INSERT INTO `npc_gossip` VALUES ('63344', '9201');
INSERT INTO `npc_gossip` VALUES ('63481', '9203');
INSERT INTO `npc_gossip` VALUES ('63558', '9618');
INSERT INTO `npc_gossip` VALUES ('63589', '7778');
INSERT INTO `npc_gossip` VALUES ('63982', '9111');
INSERT INTO `npc_gossip` VALUES ('64023', '9106');
INSERT INTO `npc_gossip` VALUES ('64478', '9112');
INSERT INTO `npc_gossip` VALUES ('64725', '9452');
INSERT INTO `npc_gossip` VALUES ('64946', '7778');
INSERT INTO `npc_gossip` VALUES ('65058', '10321');
INSERT INTO `npc_gossip` VALUES ('65059', '10321');
INSERT INTO `npc_gossip` VALUES ('65066', '10321');
INSERT INTO `npc_gossip` VALUES ('65130', '9383');
INSERT INTO `npc_gossip` VALUES ('65281', '9392');
INSERT INTO `npc_gossip` VALUES ('65287', '7778');
INSERT INTO `npc_gossip` VALUES ('65288', '9488');
INSERT INTO `npc_gossip` VALUES ('65290', '938');
INSERT INTO `npc_gossip` VALUES ('65291', '9522');
INSERT INTO `npc_gossip` VALUES ('65300', '9472');
INSERT INTO `npc_gossip` VALUES ('65302', '9485');
INSERT INTO `npc_gossip` VALUES ('65309', '9853');
INSERT INTO `npc_gossip` VALUES ('65310', '9487');
INSERT INTO `npc_gossip` VALUES ('65324', '9921');
INSERT INTO `npc_gossip` VALUES ('65325', '9489');
INSERT INTO `npc_gossip` VALUES ('65359', '9521');
INSERT INTO `npc_gossip` VALUES ('65361', '9845');
INSERT INTO `npc_gossip` VALUES ('65538', '580');
INSERT INTO `npc_gossip` VALUES ('65613', '10321');
INSERT INTO `npc_gossip` VALUES ('65614', '10321');
INSERT INTO `npc_gossip` VALUES ('65620', '9546');
INSERT INTO `npc_gossip` VALUES ('65638', '10224');
INSERT INTO `npc_gossip` VALUES ('65639', '10894');
INSERT INTO `npc_gossip` VALUES ('65641', '9546');
INSERT INTO `npc_gossip` VALUES ('65644', '10672');
INSERT INTO `npc_gossip` VALUES ('65645', '10674');
INSERT INTO `npc_gossip` VALUES ('65671', '12347');
INSERT INTO `npc_gossip` VALUES ('65673', '10321');
INSERT INTO `npc_gossip` VALUES ('65694', '10321');
INSERT INTO `npc_gossip` VALUES ('65700', '10321');
INSERT INTO `npc_gossip` VALUES ('65707', '9714');
INSERT INTO `npc_gossip` VALUES ('65721', '13548');
INSERT INTO `npc_gossip` VALUES ('65727', '9920');
INSERT INTO `npc_gossip` VALUES ('65749', '10321');
INSERT INTO `npc_gossip` VALUES ('65760', '10290');
INSERT INTO `npc_gossip` VALUES ('65764', '9417');
INSERT INTO `npc_gossip` VALUES ('65767', '12348');
INSERT INTO `npc_gossip` VALUES ('65775', '9435');
INSERT INTO `npc_gossip` VALUES ('65790', '10670');
INSERT INTO `npc_gossip` VALUES ('65806', '10321');
INSERT INTO `npc_gossip` VALUES ('65811', '9854');
INSERT INTO `npc_gossip` VALUES ('65813', '10321');
INSERT INTO `npc_gossip` VALUES ('65814', '10321');
INSERT INTO `npc_gossip` VALUES ('65816', '9406');
INSERT INTO `npc_gossip` VALUES ('65829', '10686');
INSERT INTO `npc_gossip` VALUES ('65833', '11230');
INSERT INTO `npc_gossip` VALUES ('65834', '9440');
INSERT INTO `npc_gossip` VALUES ('65845', '10430');
INSERT INTO `npc_gossip` VALUES ('65849', '10394');
INSERT INTO `npc_gossip` VALUES ('65850', '9051');
INSERT INTO `npc_gossip` VALUES ('65860', '9546');
INSERT INTO `npc_gossip` VALUES ('65866', '10321');
INSERT INTO `npc_gossip` VALUES ('65868', '10321');
INSERT INTO `npc_gossip` VALUES ('65869', '9800');
INSERT INTO `npc_gossip` VALUES ('65871', '10321');
INSERT INTO `npc_gossip` VALUES ('65872', '10430');
INSERT INTO `npc_gossip` VALUES ('65876', '10430');
INSERT INTO `npc_gossip` VALUES ('65886', '10321');
INSERT INTO `npc_gossip` VALUES ('65887', '9615');
INSERT INTO `npc_gossip` VALUES ('44229', '769');
INSERT INTO `npc_gossip` VALUES ('65894', '9730');
INSERT INTO `npc_gossip` VALUES ('65915', '10321');
INSERT INTO `npc_gossip` VALUES ('65924', '10430');
INSERT INTO `npc_gossip` VALUES ('65931', '10291');
INSERT INTO `npc_gossip` VALUES ('65936', '11947');
INSERT INTO `npc_gossip` VALUES ('65938', '10568');
INSERT INTO `npc_gossip` VALUES ('65957', '10321');
INSERT INTO `npc_gossip` VALUES ('65962', '7778');
INSERT INTO `npc_gossip` VALUES ('65977', '10321');
INSERT INTO `npc_gossip` VALUES ('65989', '10321');
INSERT INTO `npc_gossip` VALUES ('66009', '10321');
INSERT INTO `npc_gossip` VALUES ('66012', '10287');
INSERT INTO `npc_gossip` VALUES ('66020', '10634');
INSERT INTO `npc_gossip` VALUES ('66029', '10720');
INSERT INTO `npc_gossip` VALUES ('66040', '9546');
INSERT INTO `npc_gossip` VALUES ('66043', '9713');
INSERT INTO `npc_gossip` VALUES ('66060', '9486');
INSERT INTO `npc_gossip` VALUES ('66062', '7026');
INSERT INTO `npc_gossip` VALUES ('66065', '10321');
INSERT INTO `npc_gossip` VALUES ('66071', '10430');
INSERT INTO `npc_gossip` VALUES ('66073', '10430');
INSERT INTO `npc_gossip` VALUES ('66097', '9457');
INSERT INTO `npc_gossip` VALUES ('66099', '10051');
INSERT INTO `npc_gossip` VALUES ('66103', '580');
INSERT INTO `npc_gossip` VALUES ('66105', '580');
INSERT INTO `npc_gossip` VALUES ('66106', '580');
INSERT INTO `npc_gossip` VALUES ('66107', '580');
INSERT INTO `npc_gossip` VALUES ('66249', '9591');
INSERT INTO `npc_gossip` VALUES ('66250', '9143');
INSERT INTO `npc_gossip` VALUES ('66326', '9054');
INSERT INTO `npc_gossip` VALUES ('66384', '9029');
INSERT INTO `npc_gossip` VALUES ('66386', '9036');
INSERT INTO `npc_gossip` VALUES ('66470', '9043');
INSERT INTO `npc_gossip` VALUES ('66472', '9044');
INSERT INTO `npc_gossip` VALUES ('66473', '9033');
INSERT INTO `npc_gossip` VALUES ('66512', '9022');
INSERT INTO `npc_gossip` VALUES ('66514', '9034');
INSERT INTO `npc_gossip` VALUES ('66554', '9826');
INSERT INTO `npc_gossip` VALUES ('66584', '9996');
INSERT INTO `npc_gossip` VALUES ('66585', '9997');
INSERT INTO `npc_gossip` VALUES ('66678', '9041');
INSERT INTO `npc_gossip` VALUES ('66712', '10258');
INSERT INTO `npc_gossip` VALUES ('66773', '10457');
INSERT INTO `npc_gossip` VALUES ('66775', '10252');
INSERT INTO `npc_gossip` VALUES ('66779', '8785');
INSERT INTO `npc_gossip` VALUES ('66786', '10215');
INSERT INTO `npc_gossip` VALUES ('66787', '7015');
INSERT INTO `npc_gossip` VALUES ('66832', '8994');
INSERT INTO `npc_gossip` VALUES ('66839', '8996');
INSERT INTO `npc_gossip` VALUES ('66840', '8997');
INSERT INTO `npc_gossip` VALUES ('66855', '8992');
INSERT INTO `npc_gossip` VALUES ('66857', '8983');
INSERT INTO `npc_gossip` VALUES ('66945', '9051');
INSERT INTO `npc_gossip` VALUES ('66946', '8838');
INSERT INTO `npc_gossip` VALUES ('66947', '10066');
INSERT INTO `npc_gossip` VALUES ('66952', '8793');
INSERT INTO `npc_gossip` VALUES ('66965', '8683');
INSERT INTO `npc_gossip` VALUES ('66970', '8662');
INSERT INTO `npc_gossip` VALUES ('67010', '8978');
INSERT INTO `npc_gossip` VALUES ('67013', '10652');
INSERT INTO `npc_gossip` VALUES ('67016', '8849');
INSERT INTO `npc_gossip` VALUES ('67018', '8862');
INSERT INTO `npc_gossip` VALUES ('67098', '8869');
INSERT INTO `npc_gossip` VALUES ('67166', '580');
INSERT INTO `npc_gossip` VALUES ('67170', '8617');
INSERT INTO `npc_gossip` VALUES ('67174', '580');
INSERT INTO `npc_gossip` VALUES ('67178', '8410');
INSERT INTO `npc_gossip` VALUES ('67181', '8464');
INSERT INTO `npc_gossip` VALUES ('67207', '8504');
INSERT INTO `npc_gossip` VALUES ('67232', '10180');
INSERT INTO `npc_gossip` VALUES ('67233', '10180');
INSERT INTO `npc_gossip` VALUES ('67234', '8233');
INSERT INTO `npc_gossip` VALUES ('67235', '10180');
INSERT INTO `npc_gossip` VALUES ('67236', '8576');
INSERT INTO `npc_gossip` VALUES ('67237', '10180');
INSERT INTO `npc_gossip` VALUES ('67238', '8755');
INSERT INTO `npc_gossip` VALUES ('67239', '10180');
INSERT INTO `npc_gossip` VALUES ('67240', '10180');
INSERT INTO `npc_gossip` VALUES ('67269', '8228');
INSERT INTO `npc_gossip` VALUES ('67281', '10180');
INSERT INTO `npc_gossip` VALUES ('67282', '10180');
INSERT INTO `npc_gossip` VALUES ('67316', '9577');
INSERT INTO `npc_gossip` VALUES ('67399', '7869');
INSERT INTO `npc_gossip` VALUES ('67411', '7904');
INSERT INTO `npc_gossip` VALUES ('67441', '7904');
INSERT INTO `npc_gossip` VALUES ('67442', '8229');
INSERT INTO `npc_gossip` VALUES ('67446', '10180');
INSERT INTO `npc_gossip` VALUES ('67450', '10180');
INSERT INTO `npc_gossip` VALUES ('67458', '8403');
INSERT INTO `npc_gossip` VALUES ('67482', '10180');
INSERT INTO `npc_gossip` VALUES ('67483', '10180');
INSERT INTO `npc_gossip` VALUES ('67487', '8558');
INSERT INTO `npc_gossip` VALUES ('67488', '10180');
INSERT INTO `npc_gossip` VALUES ('67494', '8699');
INSERT INTO `npc_gossip` VALUES ('67495', '8421');
INSERT INTO `npc_gossip` VALUES ('67496', '8402');
INSERT INTO `npc_gossip` VALUES ('67497', '8557');
INSERT INTO `npc_gossip` VALUES ('67500', '8760');
INSERT INTO `npc_gossip` VALUES ('67501', '8760');
INSERT INTO `npc_gossip` VALUES ('67502', '8760');
INSERT INTO `npc_gossip` VALUES ('67508', '8477');
INSERT INTO `npc_gossip` VALUES ('67525', '8760');
INSERT INTO `npc_gossip` VALUES ('67527', '8760');
INSERT INTO `npc_gossip` VALUES ('67529', '8760');
INSERT INTO `npc_gossip` VALUES ('67530', '8760');
INSERT INTO `npc_gossip` VALUES ('67531', '8760');
INSERT INTO `npc_gossip` VALUES ('67532', '8760');
INSERT INTO `npc_gossip` VALUES ('67533', '8760');
INSERT INTO `npc_gossip` VALUES ('67600', '8447');
INSERT INTO `npc_gossip` VALUES ('67797', '9844');
INSERT INTO `npc_gossip` VALUES ('67803', '9546');
INSERT INTO `npc_gossip` VALUES ('67805', '10722');
INSERT INTO `npc_gossip` VALUES ('67861', '9875');
INSERT INTO `npc_gossip` VALUES ('67928', '8411');
INSERT INTO `npc_gossip` VALUES ('67932', '8432');
INSERT INTO `npc_gossip` VALUES ('67946', '580');
INSERT INTO `npc_gossip` VALUES ('67999', '8418');
INSERT INTO `npc_gossip` VALUES ('68021', '8419');
INSERT INTO `npc_gossip` VALUES ('68051', '8553');
INSERT INTO `npc_gossip` VALUES ('68053', '10180');
INSERT INTO `npc_gossip` VALUES ('68055', '10180');
INSERT INTO `npc_gossip` VALUES ('68139', '9384');
INSERT INTO `npc_gossip` VALUES ('68159', '10180');
INSERT INTO `npc_gossip` VALUES ('68212', '9024');
INSERT INTO `npc_gossip` VALUES ('68216', '8618');
INSERT INTO `npc_gossip` VALUES ('68217', '8445');
INSERT INTO `npc_gossip` VALUES ('68280', '10180');
INSERT INTO `npc_gossip` VALUES ('68288', '8724');
INSERT INTO `npc_gossip` VALUES ('68290', '9190');
INSERT INTO `npc_gossip` VALUES ('68293', '10180');
INSERT INTO `npc_gossip` VALUES ('68295', '10180');
INSERT INTO `npc_gossip` VALUES ('68297', '7872');
INSERT INTO `npc_gossip` VALUES ('68298', '7028');
INSERT INTO `npc_gossip` VALUES ('68323', '10180');
INSERT INTO `npc_gossip` VALUES ('68329', '10180');
INSERT INTO `npc_gossip` VALUES ('68330', '8535');
INSERT INTO `npc_gossip` VALUES ('68331', '8682');
INSERT INTO `npc_gossip` VALUES ('68332', '10180');
INSERT INTO `npc_gossip` VALUES ('68339', '8760');
INSERT INTO `npc_gossip` VALUES ('68348', '8227');
INSERT INTO `npc_gossip` VALUES ('68365', '8375');
INSERT INTO `npc_gossip` VALUES ('68367', '8760');
INSERT INTO `npc_gossip` VALUES ('68369', '8760');
INSERT INTO `npc_gossip` VALUES ('68370', '8760');
INSERT INTO `npc_gossip` VALUES ('68371', '8760');
INSERT INTO `npc_gossip` VALUES ('68373', '8760');
INSERT INTO `npc_gossip` VALUES ('68465', '9123');
INSERT INTO `npc_gossip` VALUES ('68545', '9586');
INSERT INTO `npc_gossip` VALUES ('68564', '9056');
INSERT INTO `npc_gossip` VALUES ('68577', '10352');
INSERT INTO `npc_gossip` VALUES ('68606', '9053');
INSERT INTO `npc_gossip` VALUES ('68610', '9042');
INSERT INTO `npc_gossip` VALUES ('68621', '9025');
INSERT INTO `npc_gossip` VALUES ('68622', '9077');
INSERT INTO `npc_gossip` VALUES ('68623', '9117');
INSERT INTO `npc_gossip` VALUES ('68625', '9051');
INSERT INTO `npc_gossip` VALUES ('68627', '9134');
INSERT INTO `npc_gossip` VALUES ('68631', '9143');
INSERT INTO `npc_gossip` VALUES ('68740', '9037');
INSERT INTO `npc_gossip` VALUES ('68780', '10705');
INSERT INTO `npc_gossip` VALUES ('68784', '10239');
INSERT INTO `npc_gossip` VALUES ('68794', '6957');
INSERT INTO `npc_gossip` VALUES ('68797', '8589');
INSERT INTO `npc_gossip` VALUES ('68798', '8589');
INSERT INTO `npc_gossip` VALUES ('68815', '9051');
INSERT INTO `npc_gossip` VALUES ('68819', '9052');
INSERT INTO `npc_gossip` VALUES ('68831', '8991');
INSERT INTO `npc_gossip` VALUES ('68835', '8993');
INSERT INTO `npc_gossip` VALUES ('68927', '8592');
INSERT INTO `npc_gossip` VALUES ('68928', '8785');
INSERT INTO `npc_gossip` VALUES ('68994', '8868');
INSERT INTO `npc_gossip` VALUES ('68995', '9038');
INSERT INTO `npc_gossip` VALUES ('69112', '8591');
INSERT INTO `npc_gossip` VALUES ('69115', '10634');
INSERT INTO `npc_gossip` VALUES ('69117', '8584');
INSERT INTO `npc_gossip` VALUES ('69133', '9179');
INSERT INTO `npc_gossip` VALUES ('69138', '9194');
INSERT INTO `npc_gossip` VALUES ('69140', '8850');
INSERT INTO `npc_gossip` VALUES ('69143', '580');
INSERT INTO `npc_gossip` VALUES ('69144', '580');
INSERT INTO `npc_gossip` VALUES ('69145', '580');
INSERT INTO `npc_gossip` VALUES ('69146', '580');
INSERT INTO `npc_gossip` VALUES ('69147', '580');
INSERT INTO `npc_gossip` VALUES ('69148', '3016');
INSERT INTO `npc_gossip` VALUES ('69149', '580');
INSERT INTO `npc_gossip` VALUES ('69152', '9199');
INSERT INTO `npc_gossip` VALUES ('69168', '9389');
INSERT INTO `npc_gossip` VALUES ('69174', '9375');
INSERT INTO `npc_gossip` VALUES ('69177', '9735');
INSERT INTO `npc_gossip` VALUES ('69550', '9429');
INSERT INTO `npc_gossip` VALUES ('69560', '9288');
INSERT INTO `npc_gossip` VALUES ('69562', '9287');
INSERT INTO `npc_gossip` VALUES ('69758', '10062');
INSERT INTO `npc_gossip` VALUES ('69837', '9422');
INSERT INTO `npc_gossip` VALUES ('69849', '580');
INSERT INTO `npc_gossip` VALUES ('70011', '9395');
INSERT INTO `npc_gossip` VALUES ('70084', '10031');
INSERT INTO `npc_gossip` VALUES ('70110', '9312');
INSERT INTO `npc_gossip` VALUES ('70154', '9729');
INSERT INTO `npc_gossip` VALUES ('70156', '9289');
INSERT INTO `npc_gossip` VALUES ('70205', '7778');
INSERT INTO `npc_gossip` VALUES ('70258', '580');
INSERT INTO `npc_gossip` VALUES ('70306', '9183');
INSERT INTO `npc_gossip` VALUES ('70311', '9182');
INSERT INTO `npc_gossip` VALUES ('70312', '9180');
INSERT INTO `npc_gossip` VALUES ('70314', '9208');
INSERT INTO `npc_gossip` VALUES ('70372', '9219');
INSERT INTO `npc_gossip` VALUES ('70373', '9240');
INSERT INTO `npc_gossip` VALUES ('70374', '9258');
INSERT INTO `npc_gossip` VALUES ('70451', '10069');
INSERT INTO `npc_gossip` VALUES ('70452', '10215');
INSERT INTO `npc_gossip` VALUES ('70563', '10321');
INSERT INTO `npc_gossip` VALUES ('70564', '10321');
INSERT INTO `npc_gossip` VALUES ('70704', '9357');
INSERT INTO `npc_gossip` VALUES ('70809', '580');
INSERT INTO `npc_gossip` VALUES ('70898', '9354');
INSERT INTO `npc_gossip` VALUES ('70999', '9733');
INSERT INTO `npc_gossip` VALUES ('71001', '9312');
INSERT INTO `npc_gossip` VALUES ('71002', '9653');
INSERT INTO `npc_gossip` VALUES ('71003', '9649');
INSERT INTO `npc_gossip` VALUES ('71005', '9648');
INSERT INTO `npc_gossip` VALUES ('71281', '10491');
INSERT INTO `npc_gossip` VALUES ('71285', '10563');
INSERT INTO `npc_gossip` VALUES ('71368', '9484');
INSERT INTO `npc_gossip` VALUES ('71460', '580');
INSERT INTO `npc_gossip` VALUES ('71590', '10051');
INSERT INTO `npc_gossip` VALUES ('71704', '9897');
INSERT INTO `npc_gossip` VALUES ('71708', '9903');
INSERT INTO `npc_gossip` VALUES ('71717', '9905');
INSERT INTO `npc_gossip` VALUES ('71718', '9914');
INSERT INTO `npc_gossip` VALUES ('71735', '9985');
INSERT INTO `npc_gossip` VALUES ('71753', '8953');
INSERT INTO `npc_gossip` VALUES ('71790', '9833');
INSERT INTO `npc_gossip` VALUES ('71791', '9827');
INSERT INTO `npc_gossip` VALUES ('71792', '9918');
INSERT INTO `npc_gossip` VALUES ('71835', '10026');
INSERT INTO `npc_gossip` VALUES ('71836', '9982');
INSERT INTO `npc_gossip` VALUES ('71841', '580');
INSERT INTO `npc_gossip` VALUES ('71864', '9634');
INSERT INTO `npc_gossip` VALUES ('71865', '9895');
INSERT INTO `npc_gossip` VALUES ('71866', '9894');
INSERT INTO `npc_gossip` VALUES ('71977', '9481');
INSERT INTO `npc_gossip` VALUES ('71997', '8825');
INSERT INTO `npc_gossip` VALUES ('72011', '9040');
INSERT INTO `npc_gossip` VALUES ('72012', '8835');
INSERT INTO `npc_gossip` VALUES ('72014', '8584');
INSERT INTO `npc_gossip` VALUES ('72016', '9384');
INSERT INTO `npc_gossip` VALUES ('72017', '8804');
INSERT INTO `npc_gossip` VALUES ('72020', '5839');
INSERT INTO `npc_gossip` VALUES ('72039', '8775');
INSERT INTO `npc_gossip` VALUES ('72040', '10012');
INSERT INTO `npc_gossip` VALUES ('72041', '8664');
INSERT INTO `npc_gossip` VALUES ('72042', '8667');
INSERT INTO `npc_gossip` VALUES ('72123', '8579');
INSERT INTO `npc_gossip` VALUES ('72126', '8840');
INSERT INTO `npc_gossip` VALUES ('72127', '8844');
INSERT INTO `npc_gossip` VALUES ('72244', '8616');
INSERT INTO `npc_gossip` VALUES ('72247', '8585');
INSERT INTO `npc_gossip` VALUES ('72394', '9370');
INSERT INTO `npc_gossip` VALUES ('72397', '9261');
INSERT INTO `npc_gossip` VALUES ('72399', '9109');
INSERT INTO `npc_gossip` VALUES ('72406', '9144');
INSERT INTO `npc_gossip` VALUES ('72471', '10321');
INSERT INTO `npc_gossip` VALUES ('72472', '10321');
INSERT INTO `npc_gossip` VALUES ('72478', '9451');
INSERT INTO `npc_gossip` VALUES ('72479', '10321');
INSERT INTO `npc_gossip` VALUES ('72483', '9452');
INSERT INTO `npc_gossip` VALUES ('72508', '10321');
INSERT INTO `npc_gossip` VALUES ('72509', '10321');
INSERT INTO `npc_gossip` VALUES ('72510', '10321');
INSERT INTO `npc_gossip` VALUES ('72521', '9391');
INSERT INTO `npc_gossip` VALUES ('72595', '9766');
INSERT INTO `npc_gossip` VALUES ('72612', '9566');
INSERT INTO `npc_gossip` VALUES ('72643', '10467');
INSERT INTO `npc_gossip` VALUES ('72755', '10250');
INSERT INTO `npc_gossip` VALUES ('72963', '10549');
INSERT INTO `npc_gossip` VALUES ('72981', '10460');
INSERT INTO `npc_gossip` VALUES ('72982', '7778');
INSERT INTO `npc_gossip` VALUES ('72983', '938');
INSERT INTO `npc_gossip` VALUES ('73344', '580');
INSERT INTO `npc_gossip` VALUES ('73470', '8618');
INSERT INTO `npc_gossip` VALUES ('73471', '10465');
INSERT INTO `npc_gossip` VALUES ('73472', '10473');
INSERT INTO `npc_gossip` VALUES ('73477', '10465');
INSERT INTO `npc_gossip` VALUES ('73484', '10424');
INSERT INTO `npc_gossip` VALUES ('73491', '10722');
INSERT INTO `npc_gossip` VALUES ('73732', '7778');
INSERT INTO `npc_gossip` VALUES ('73743', '580');
INSERT INTO `npc_gossip` VALUES ('73762', '8618');
INSERT INTO `npc_gossip` VALUES ('73928', '10356');
INSERT INTO `npc_gossip` VALUES ('74026', '10349');
INSERT INTO `npc_gossip` VALUES ('74070', '10468');
INSERT INTO `npc_gossip` VALUES ('74096', '13584');
INSERT INTO `npc_gossip` VALUES ('74097', '10809');
INSERT INTO `npc_gossip` VALUES ('74098', '10808');
INSERT INTO `npc_gossip` VALUES ('74099', '823');
INSERT INTO `npc_gossip` VALUES ('74204', '7778');
INSERT INTO `npc_gossip` VALUES ('74207', '9393');
INSERT INTO `npc_gossip` VALUES ('74221', '9471');
INSERT INTO `npc_gossip` VALUES ('74235', '9493');
INSERT INTO `npc_gossip` VALUES ('74239', '9921');
INSERT INTO `npc_gossip` VALUES ('74322', '9738');
INSERT INTO `npc_gossip` VALUES ('74331', '7778');
INSERT INTO `npc_gossip` VALUES ('74342', '9652');
INSERT INTO `npc_gossip` VALUES ('74343', '9021');
INSERT INTO `npc_gossip` VALUES ('74344', '10817');
INSERT INTO `npc_gossip` VALUES ('74345', '10818');
INSERT INTO `npc_gossip` VALUES ('74347', '3543');
INSERT INTO `npc_gossip` VALUES ('74348', '3543');
INSERT INTO `npc_gossip` VALUES ('74369', '10066');
INSERT INTO `npc_gossip` VALUES ('74370', '10066');
INSERT INTO `npc_gossip` VALUES ('74381', '8234');
INSERT INTO `npc_gossip` VALUES ('74396', '8586');
INSERT INTO `npc_gossip` VALUES ('74397', '10650');
INSERT INTO `npc_gossip` VALUES ('74400', '8586');
INSERT INTO `npc_gossip` VALUES ('74403', '8588');
INSERT INTO `npc_gossip` VALUES ('74404', '8587');
INSERT INTO `npc_gossip` VALUES ('74409', '10072');
INSERT INTO `npc_gossip` VALUES ('74411', '9071');
INSERT INTO `npc_gossip` VALUES ('74420', '8586');
INSERT INTO `npc_gossip` VALUES ('74421', '10767');
INSERT INTO `npc_gossip` VALUES ('74425', '9384');
INSERT INTO `npc_gossip` VALUES ('74429', '9599');
INSERT INTO `npc_gossip` VALUES ('74433', '10654');
INSERT INTO `npc_gossip` VALUES ('74443', '3543');
INSERT INTO `npc_gossip` VALUES ('74447', '10652');
INSERT INTO `npc_gossip` VALUES ('74459', '9529');
INSERT INTO `npc_gossip` VALUES ('74466', '10531');
INSERT INTO `npc_gossip` VALUES ('74467', '9567');
INSERT INTO `npc_gossip` VALUES ('74472', '10458');
INSERT INTO `npc_gossip` VALUES ('74489', '8785');
INSERT INTO `npc_gossip` VALUES ('74490', '7028');
INSERT INTO `npc_gossip` VALUES ('74496', '8785');
INSERT INTO `npc_gossip` VALUES ('74498', '10025');
INSERT INTO `npc_gossip` VALUES ('74503', '10651');
INSERT INTO `npc_gossip` VALUES ('74504', '10651');
INSERT INTO `npc_gossip` VALUES ('74507', '10272');
INSERT INTO `npc_gossip` VALUES ('74516', '10649');
INSERT INTO `npc_gossip` VALUES ('74517', '8584');
INSERT INTO `npc_gossip` VALUES ('74520', '10649');
INSERT INTO `npc_gossip` VALUES ('74557', '8413');
INSERT INTO `npc_gossip` VALUES ('74563', '9061');
INSERT INTO `npc_gossip` VALUES ('74565', '10180');
INSERT INTO `npc_gossip` VALUES ('74566', '10180');
INSERT INTO `npc_gossip` VALUES ('74573', '7028');
INSERT INTO `npc_gossip` VALUES ('74594', '11051');
INSERT INTO `npc_gossip` VALUES ('74639', '10465');
INSERT INTO `npc_gossip` VALUES ('74643', '10215');
INSERT INTO `npc_gossip` VALUES ('74665', '8618');
INSERT INTO `npc_gossip` VALUES ('74669', '9174');
INSERT INTO `npc_gossip` VALUES ('74679', '8550');
INSERT INTO `npc_gossip` VALUES ('74750', '6961');
INSERT INTO `npc_gossip` VALUES ('74818', '9492');
INSERT INTO `npc_gossip` VALUES ('74819', '8584');
INSERT INTO `npc_gossip` VALUES ('74949', '9357');
INSERT INTO `npc_gossip` VALUES ('74964', '8226');
INSERT INTO `npc_gossip` VALUES ('75025', '10153');
INSERT INTO `npc_gossip` VALUES ('75034', '10292');
INSERT INTO `npc_gossip` VALUES ('75035', '10178');
INSERT INTO `npc_gossip` VALUES ('75037', '9546');
INSERT INTO `npc_gossip` VALUES ('75044', '8618');
INSERT INTO `npc_gossip` VALUES ('75089', '7704');
INSERT INTO `npc_gossip` VALUES ('75090', '7704');
INSERT INTO `npc_gossip` VALUES ('75091', '7704');
INSERT INTO `npc_gossip` VALUES ('75092', '7704');
INSERT INTO `npc_gossip` VALUES ('75093', '7704');
INSERT INTO `npc_gossip` VALUES ('75248', '9143');
INSERT INTO `npc_gossip` VALUES ('76053', '7395');
INSERT INTO `npc_gossip` VALUES ('76079', '10422');
INSERT INTO `npc_gossip` VALUES ('76121', '10535');
INSERT INTO `npc_gossip` VALUES ('76143', '7704');
INSERT INTO `npc_gossip` VALUES ('76144', '7704');
INSERT INTO `npc_gossip` VALUES ('76145', '7704');
INSERT INTO `npc_gossip` VALUES ('76146', '7704');
INSERT INTO `npc_gossip` VALUES ('76147', '7704');
INSERT INTO `npc_gossip` VALUES ('76148', '7704');
INSERT INTO `npc_gossip` VALUES ('76149', '7704');
INSERT INTO `npc_gossip` VALUES ('76150', '7704');
INSERT INTO `npc_gossip` VALUES ('76151', '7704');
INSERT INTO `npc_gossip` VALUES ('76152', '7704');
INSERT INTO `npc_gossip` VALUES ('76159', '9517');
INSERT INTO `npc_gossip` VALUES ('76193', '9781');
INSERT INTO `npc_gossip` VALUES ('76194', '9789');
INSERT INTO `npc_gossip` VALUES ('76240', '7179');
INSERT INTO `npc_gossip` VALUES ('76268', '1250');
INSERT INTO `npc_gossip` VALUES ('76270', '1236');
INSERT INTO `npc_gossip` VALUES ('76280', '1235');
INSERT INTO `npc_gossip` VALUES ('76281', '1235');
INSERT INTO `npc_gossip` VALUES ('76298', '1235');
INSERT INTO `npc_gossip` VALUES ('76310', '1238');
INSERT INTO `npc_gossip` VALUES ('76321', '1238');
INSERT INTO `npc_gossip` VALUES ('76353', '6957');
INSERT INTO `npc_gossip` VALUES ('76383', '1236');
INSERT INTO `npc_gossip` VALUES ('76411', '1231');
INSERT INTO `npc_gossip` VALUES ('76412', '5207');
INSERT INTO `npc_gossip` VALUES ('76413', '5181');
INSERT INTO `npc_gossip` VALUES ('76446', '9063');
INSERT INTO `npc_gossip` VALUES ('76547', '4433');
INSERT INTO `npc_gossip` VALUES ('76569', '4835');
INSERT INTO `npc_gossip` VALUES ('76629', '10680');
INSERT INTO `npc_gossip` VALUES ('76642', '10677');
INSERT INTO `npc_gossip` VALUES ('76647', '9477');
INSERT INTO `npc_gossip` VALUES ('76648', '10662');
INSERT INTO `npc_gossip` VALUES ('76661', '7778');
INSERT INTO `npc_gossip` VALUES ('76678', '9265');
INSERT INTO `npc_gossip` VALUES ('76685', '9051');
INSERT INTO `npc_gossip` VALUES ('76686', '13584');
INSERT INTO `npc_gossip` VALUES ('76792', '9263');
INSERT INTO `npc_gossip` VALUES ('76850', '9262');
INSERT INTO `npc_gossip` VALUES ('76851', '9264');
INSERT INTO `npc_gossip` VALUES ('76884', '9128');
INSERT INTO `npc_gossip` VALUES ('76888', '10721');
INSERT INTO `npc_gossip` VALUES ('76890', '7024');
INSERT INTO `npc_gossip` VALUES ('76908', '8716');
INSERT INTO `npc_gossip` VALUES ('76909', '8715');
INSERT INTO `npc_gossip` VALUES ('76910', '9769');
INSERT INTO `npc_gossip` VALUES ('76911', '9770');
INSERT INTO `npc_gossip` VALUES ('76912', '8750');
INSERT INTO `npc_gossip` VALUES ('76913', '9947');
INSERT INTO `npc_gossip` VALUES ('76914', '9994');
INSERT INTO `npc_gossip` VALUES ('76915', '9919');
INSERT INTO `npc_gossip` VALUES ('76917', '10233');
INSERT INTO `npc_gossip` VALUES ('76918', '7778');
INSERT INTO `npc_gossip` VALUES ('76928', '10691');
INSERT INTO `npc_gossip` VALUES ('76953', '2286');
INSERT INTO `npc_gossip` VALUES ('76967', '9659');
INSERT INTO `npc_gossip` VALUES ('77142', '10202');
INSERT INTO `npc_gossip` VALUES ('77144', '10058');
INSERT INTO `npc_gossip` VALUES ('77160', '10470');
INSERT INTO `npc_gossip` VALUES ('77352', '5247');
INSERT INTO `npc_gossip` VALUES ('77675', '10065');
INSERT INTO `npc_gossip` VALUES ('77735', '10010');
INSERT INTO `npc_gossip` VALUES ('77736', '10010');
INSERT INTO `npc_gossip` VALUES ('77738', '10063');
INSERT INTO `npc_gossip` VALUES ('77739', '10009');
INSERT INTO `npc_gossip` VALUES ('77751', '10427');
INSERT INTO `npc_gossip` VALUES ('77761', '10039');
INSERT INTO `npc_gossip` VALUES ('77841', '7337');
INSERT INTO `npc_gossip` VALUES ('77862', '10605');
INSERT INTO `npc_gossip` VALUES ('78037', '9546');
INSERT INTO `npc_gossip` VALUES ('78041', '9642');
INSERT INTO `npc_gossip` VALUES ('78042', '10052');
INSERT INTO `npc_gossip` VALUES ('78276', '10234');
INSERT INTO `npc_gossip` VALUES ('78404', '9490');
INSERT INTO `npc_gossip` VALUES ('78439', '11143');
INSERT INTO `npc_gossip` VALUES ('78440', '8794');
INSERT INTO `npc_gossip` VALUES ('78521', '7818');
INSERT INTO `npc_gossip` VALUES ('78585', '8703');
INSERT INTO `npc_gossip` VALUES ('130822', '11963');
INSERT INTO `npc_gossip` VALUES ('88604', '11963');
INSERT INTO `npc_gossip` VALUES ('92815', '11963');
INSERT INTO `npc_gossip` VALUES ('78747', '11215');
INSERT INTO `npc_gossip` VALUES ('78932', '2593');
INSERT INTO `npc_gossip` VALUES ('78933', '2593');
INSERT INTO `npc_gossip` VALUES ('78934', '2593');
INSERT INTO `npc_gossip` VALUES ('78935', '2593');
INSERT INTO `npc_gossip` VALUES ('79469', '13262');
INSERT INTO `npc_gossip` VALUES ('80216', '9121');
INSERT INTO `npc_gossip` VALUES ('80896', '10209');
INSERT INTO `npc_gossip` VALUES ('80927', '7390');
INSERT INTO `npc_gossip` VALUES ('81002', '10500');
INSERT INTO `npc_gossip` VALUES ('81005', '13441');
INSERT INTO `npc_gossip` VALUES ('81060', '7354');
INSERT INTO `npc_gossip` VALUES ('81061', '7354');
INSERT INTO `npc_gossip` VALUES ('81179', '7717');
INSERT INTO `npc_gossip` VALUES ('81201', '8452');
INSERT INTO `npc_gossip` VALUES ('81234', '4355');
INSERT INTO `npc_gossip` VALUES ('81273', '8216');
INSERT INTO `npc_gossip` VALUES ('81274', '8217');
INSERT INTO `npc_gossip` VALUES ('81275', '3673');
INSERT INTO `npc_gossip` VALUES ('81281', '7935');
INSERT INTO `npc_gossip` VALUES ('81305', '9954');
INSERT INTO `npc_gossip` VALUES ('81307', '9953');
INSERT INTO `npc_gossip` VALUES ('81308', '9551');
INSERT INTO `npc_gossip` VALUES ('81326', '580');
INSERT INTO `npc_gossip` VALUES ('81360', '9074');
INSERT INTO `npc_gossip` VALUES ('81361', '580');
INSERT INTO `npc_gossip` VALUES ('81376', '580');
INSERT INTO `npc_gossip` VALUES ('81377', '3016');
INSERT INTO `npc_gossip` VALUES ('81405', '8455');
INSERT INTO `npc_gossip` VALUES ('81406', '8422');
INSERT INTO `npc_gossip` VALUES ('81407', '8513');
INSERT INTO `npc_gossip` VALUES ('81408', '4716');
INSERT INTO `npc_gossip` VALUES ('81409', '4450');
INSERT INTO `npc_gossip` VALUES ('81411', '8358');
INSERT INTO `npc_gossip` VALUES ('81412', '8357');
INSERT INTO `npc_gossip` VALUES ('81413', '8350');
INSERT INTO `npc_gossip` VALUES ('81415', '8351');
INSERT INTO `npc_gossip` VALUES ('81416', '8354');
INSERT INTO `npc_gossip` VALUES ('81417', '8448');
INSERT INTO `npc_gossip` VALUES ('81421', '7251');
INSERT INTO `npc_gossip` VALUES ('81422', '9978');
INSERT INTO `npc_gossip` VALUES ('81423', '9414');
INSERT INTO `npc_gossip` VALUES ('81429', '10793');
INSERT INTO `npc_gossip` VALUES ('81451', '8352');
INSERT INTO `npc_gossip` VALUES ('81452', '580');
INSERT INTO `npc_gossip` VALUES ('81453', '580');
INSERT INTO `npc_gossip` VALUES ('81455', '5674');
INSERT INTO `npc_gossip` VALUES ('81457', '10215');
INSERT INTO `npc_gossip` VALUES ('81458', '10215');
INSERT INTO `npc_gossip` VALUES ('81459', '10215');
INSERT INTO `npc_gossip` VALUES ('81460', '10215');
INSERT INTO `npc_gossip` VALUES ('81461', '10215');
INSERT INTO `npc_gossip` VALUES ('81473', '9242');
INSERT INTO `npc_gossip` VALUES ('81474', '9241');
INSERT INTO `npc_gossip` VALUES ('81492', '10851');
INSERT INTO `npc_gossip` VALUES ('81524', '580');
INSERT INTO `npc_gossip` VALUES ('81525', '580');
INSERT INTO `npc_gossip` VALUES ('81539', '8883');
INSERT INTO `npc_gossip` VALUES ('81577', '580');
INSERT INTO `npc_gossip` VALUES ('81713', '2593');
INSERT INTO `npc_gossip` VALUES ('81714', '2593');
INSERT INTO `npc_gossip` VALUES ('81715', '2593');
INSERT INTO `npc_gossip` VALUES ('81716', '2593');
INSERT INTO `npc_gossip` VALUES ('82014', '13318');
INSERT INTO `npc_gossip` VALUES ('82015', '13318');
INSERT INTO `npc_gossip` VALUES ('82016', '13318');
INSERT INTO `npc_gossip` VALUES ('82017', '13318');
INSERT INTO `npc_gossip` VALUES ('82018', '13318');
INSERT INTO `npc_gossip` VALUES ('82019', '13318');
INSERT INTO `npc_gossip` VALUES ('82020', '13318');
INSERT INTO `npc_gossip` VALUES ('82021', '13318');
INSERT INTO `npc_gossip` VALUES ('82022', '13318');
INSERT INTO `npc_gossip` VALUES ('82023', '13318');
INSERT INTO `npc_gossip` VALUES ('82024', '13318');
INSERT INTO `npc_gossip` VALUES ('82025', '13318');
INSERT INTO `npc_gossip` VALUES ('82026', '13318');
INSERT INTO `npc_gossip` VALUES ('82027', '13318');
INSERT INTO `npc_gossip` VALUES ('82028', '13318');
INSERT INTO `npc_gossip` VALUES ('82029', '13318');
INSERT INTO `npc_gossip` VALUES ('82030', '13318');
INSERT INTO `npc_gossip` VALUES ('82031', '13318');
INSERT INTO `npc_gossip` VALUES ('82032', '13318');
INSERT INTO `npc_gossip` VALUES ('82033', '13318');
INSERT INTO `npc_gossip` VALUES ('82034', '13318');
INSERT INTO `npc_gossip` VALUES ('82035', '13318');
INSERT INTO `npc_gossip` VALUES ('82036', '13318');
INSERT INTO `npc_gossip` VALUES ('82037', '13318');
INSERT INTO `npc_gossip` VALUES ('82038', '13318');
INSERT INTO `npc_gossip` VALUES ('82039', '13318');
INSERT INTO `npc_gossip` VALUES ('82040', '13318');
INSERT INTO `npc_gossip` VALUES ('82041', '13318');
INSERT INTO `npc_gossip` VALUES ('82042', '13318');
INSERT INTO `npc_gossip` VALUES ('82043', '13318');
INSERT INTO `npc_gossip` VALUES ('82044', '13318');
INSERT INTO `npc_gossip` VALUES ('82045', '13318');
INSERT INTO `npc_gossip` VALUES ('82046', '13318');
INSERT INTO `npc_gossip` VALUES ('82572', '12083');
INSERT INTO `npc_gossip` VALUES ('83062', '9923');
INSERT INTO `npc_gossip` VALUES ('83065', '9846');
INSERT INTO `npc_gossip` VALUES ('83072', '9904');
INSERT INTO `npc_gossip` VALUES ('83126', '9970');
INSERT INTO `npc_gossip` VALUES ('83178', '10032');
INSERT INTO `npc_gossip` VALUES ('83246', '12114');
INSERT INTO `npc_gossip` VALUES ('83247', '10230');
INSERT INTO `npc_gossip` VALUES ('83249', '9968');
INSERT INTO `npc_gossip` VALUES ('83270', '10606');
INSERT INTO `npc_gossip` VALUES ('83327', '9442');
INSERT INTO `npc_gossip` VALUES ('84358', '12083');
INSERT INTO `npc_gossip` VALUES ('84360', '11945');
INSERT INTO `npc_gossip` VALUES ('84363', '12152');
INSERT INTO `npc_gossip` VALUES ('84370', '12165');
INSERT INTO `npc_gossip` VALUES ('84379', '11226');
INSERT INTO `npc_gossip` VALUES ('84428', '12157');
INSERT INTO `npc_gossip` VALUES ('84435', '12181');
INSERT INTO `npc_gossip` VALUES ('84574', '7337');
INSERT INTO `npc_gossip` VALUES ('84577', '7395');
INSERT INTO `npc_gossip` VALUES ('84607', '12083');
INSERT INTO `npc_gossip` VALUES ('84608', '12114');
INSERT INTO `npc_gossip` VALUES ('84611', '11210');
INSERT INTO `npc_gossip` VALUES ('84612', '11211');
INSERT INTO `npc_gossip` VALUES ('84626', '12083');
INSERT INTO `npc_gossip` VALUES ('84628', '11945');
INSERT INTO `npc_gossip` VALUES ('84631', '12152');
INSERT INTO `npc_gossip` VALUES ('84634', '11211');
INSERT INTO `npc_gossip` VALUES ('84638', '12165');
INSERT INTO `npc_gossip` VALUES ('84639', '11210');
INSERT INTO `npc_gossip` VALUES ('84647', '11226');
INSERT INTO `npc_gossip` VALUES ('84679', '12157');
INSERT INTO `npc_gossip` VALUES ('84686', '12181');
INSERT INTO `npc_gossip` VALUES ('84705', '12104');
INSERT INTO `npc_gossip` VALUES ('84706', '11211');
INSERT INTO `npc_gossip` VALUES ('84712', '12105');
INSERT INTO `npc_gossip` VALUES ('84716', '12104');
INSERT INTO `npc_gossip` VALUES ('84718', '12105');
INSERT INTO `npc_gossip` VALUES ('84719', '11211');
INSERT INTO `npc_gossip` VALUES ('84731', '11211');
INSERT INTO `npc_gossip` VALUES ('84737', '12104');
INSERT INTO `npc_gossip` VALUES ('84739', '12105');
INSERT INTO `npc_gossip` VALUES ('126530', '11963');
INSERT INTO `npc_gossip` VALUES ('84745', '11473');
INSERT INTO `npc_gossip` VALUES ('85892', '8703');
INSERT INTO `npc_gossip` VALUES ('85893', '8703');
INSERT INTO `npc_gossip` VALUES ('85894', '8703');
INSERT INTO `npc_gossip` VALUES ('85895', '8703');
INSERT INTO `npc_gossip` VALUES ('87573', '13715');
INSERT INTO `npc_gossip` VALUES ('91062', '8128');
INSERT INTO `npc_gossip` VALUES ('91063', '4445');
INSERT INTO `npc_gossip` VALUES ('91064', '10215');
INSERT INTO `npc_gossip` VALUES ('91072', '8269');
INSERT INTO `npc_gossip` VALUES ('91074', '7780');
INSERT INTO `npc_gossip` VALUES ('91076', '8785');
INSERT INTO `npc_gossip` VALUES ('91077', '8129');
INSERT INTO `npc_gossip` VALUES ('91082', '8126');
INSERT INTO `npc_gossip` VALUES ('91091', '10024');
INSERT INTO `npc_gossip` VALUES ('91094', '8800');
INSERT INTO `npc_gossip` VALUES ('91199', '10546');
INSERT INTO `npc_gossip` VALUES ('91327', '10000');
INSERT INTO `npc_gossip` VALUES ('91576', '7434');
INSERT INTO `npc_gossip` VALUES ('91708', '7874');
INSERT INTO `npc_gossip` VALUES ('91711', '8114');
INSERT INTO `npc_gossip` VALUES ('91723', '8059');
INSERT INTO `npc_gossip` VALUES ('91724', '8215');
INSERT INTO `npc_gossip` VALUES ('91743', '8108');
INSERT INTO `npc_gossip` VALUES ('91748', '8212');
INSERT INTO `npc_gossip` VALUES ('91750', '8292');
INSERT INTO `npc_gossip` VALUES ('91758', '8280');
INSERT INTO `npc_gossip` VALUES ('91796', '9125');
INSERT INTO `npc_gossip` VALUES ('91928', '8855');
INSERT INTO `npc_gossip` VALUES ('91990', '9361');
INSERT INTO `npc_gossip` VALUES ('92133', '11089');
INSERT INTO `npc_gossip` VALUES ('92135', '10819');
INSERT INTO `npc_gossip` VALUES ('92150', '10903');
INSERT INTO `npc_gossip` VALUES ('92152', '10980');
INSERT INTO `npc_gossip` VALUES ('92154', '11084');
INSERT INTO `npc_gossip` VALUES ('92155', '7956');
INSERT INTO `npc_gossip` VALUES ('92196', '8269');
INSERT INTO `npc_gossip` VALUES ('92215', '8132');
INSERT INTO `npc_gossip` VALUES ('92236', '8960');
INSERT INTO `npc_gossip` VALUES ('92291', '8130');
INSERT INTO `npc_gossip` VALUES ('92302', '10821');
INSERT INTO `npc_gossip` VALUES ('92308', '7196');
INSERT INTO `npc_gossip` VALUES ('92330', '8488');
INSERT INTO `npc_gossip` VALUES ('92414', '6961');
INSERT INTO `npc_gossip` VALUES ('92415', '10323');
INSERT INTO `npc_gossip` VALUES ('92422', '10430');
INSERT INTO `npc_gossip` VALUES ('92423', '10430');
INSERT INTO `npc_gossip` VALUES ('92434', '10280');
INSERT INTO `npc_gossip` VALUES ('92472', '8591');
INSERT INTO `npc_gossip` VALUES ('92746', '8703');
INSERT INTO `npc_gossip` VALUES ('92747', '4974');
INSERT INTO `npc_gossip` VALUES ('92748', '7400');
INSERT INTO `npc_gossip` VALUES ('92749', '7792');
INSERT INTO `npc_gossip` VALUES ('92751', '10051');
INSERT INTO `npc_gossip` VALUES ('92752', '9457');
INSERT INTO `npc_gossip` VALUES ('92753', '7536');
INSERT INTO `npc_gossip` VALUES ('92754', '9954');
INSERT INTO `npc_gossip` VALUES ('92755', '11090');
INSERT INTO `npc_gossip` VALUES ('92756', '7818');
INSERT INTO `npc_gossip` VALUES ('93059', '9778');
INSERT INTO `npc_gossip` VALUES ('93060', '9780');
INSERT INTO `npc_gossip` VALUES ('93243', '9578');
INSERT INTO `npc_gossip` VALUES ('95024', '12644');
INSERT INTO `npc_gossip` VALUES ('95029', '12553');
INSERT INTO `npc_gossip` VALUES ('95030', '12529');
INSERT INTO `npc_gossip` VALUES ('95032', '12534');
INSERT INTO `npc_gossip` VALUES ('95040', '12097');
INSERT INTO `npc_gossip` VALUES ('95074', '12528');
INSERT INTO `npc_gossip` VALUES ('95075', '12554');
INSERT INTO `npc_gossip` VALUES ('95094', '12730');
INSERT INTO `npc_gossip` VALUES ('95096', '13591');
INSERT INTO `npc_gossip` VALUES ('95122', '13455');
INSERT INTO `npc_gossip` VALUES ('95124', '13557');
INSERT INTO `npc_gossip` VALUES ('95131', '14162');
INSERT INTO `npc_gossip` VALUES ('95155', '12641');
INSERT INTO `npc_gossip` VALUES ('95180', '13132');
INSERT INTO `npc_gossip` VALUES ('95198', '12642');
INSERT INTO `npc_gossip` VALUES ('95199', '12647');
INSERT INTO `npc_gossip` VALUES ('95218', '12122');
INSERT INTO `npc_gossip` VALUES ('95233', '13004');
INSERT INTO `npc_gossip` VALUES ('95235', '13737');
INSERT INTO `npc_gossip` VALUES ('95266', '12650');
INSERT INTO `npc_gossip` VALUES ('95283', '12645');
INSERT INTO `npc_gossip` VALUES ('95312', '12364');
INSERT INTO `npc_gossip` VALUES ('95328', '12755');
INSERT INTO `npc_gossip` VALUES ('95406', '12188');
INSERT INTO `npc_gossip` VALUES ('95475', '11352');
INSERT INTO `npc_gossip` VALUES ('95481', '11880');
INSERT INTO `npc_gossip` VALUES ('95486', '11419');
INSERT INTO `npc_gossip` VALUES ('95487', '11498');
INSERT INTO `npc_gossip` VALUES ('95498', '12646');
INSERT INTO `npc_gossip` VALUES ('95565', '13426');
INSERT INTO `npc_gossip` VALUES ('95582', '12770');
INSERT INTO `npc_gossip` VALUES ('95584', '12640');
INSERT INTO `npc_gossip` VALUES ('95587', '12738');
INSERT INTO `npc_gossip` VALUES ('95588', '12575');
INSERT INTO `npc_gossip` VALUES ('95591', '13557');
INSERT INTO `npc_gossip` VALUES ('95607', '13322');
INSERT INTO `npc_gossip` VALUES ('95621', '12810');
INSERT INTO `npc_gossip` VALUES ('95623', '13288');
INSERT INTO `npc_gossip` VALUES ('95624', '13637');
INSERT INTO `npc_gossip` VALUES ('95626', '13462');
INSERT INTO `npc_gossip` VALUES ('95629', '12734');
INSERT INTO `npc_gossip` VALUES ('95633', '13506');
INSERT INTO `npc_gossip` VALUES ('95640', '13557');
INSERT INTO `npc_gossip` VALUES ('95644', '7778');
INSERT INTO `npc_gossip` VALUES ('95649', '12713');
INSERT INTO `npc_gossip` VALUES ('95655', '12825');
INSERT INTO `npc_gossip` VALUES ('95656', '13458');
INSERT INTO `npc_gossip` VALUES ('95657', '12955');
INSERT INTO `npc_gossip` VALUES ('95658', '13030');
INSERT INTO `npc_gossip` VALUES ('95660', '820');
INSERT INTO `npc_gossip` VALUES ('95668', '13502');
INSERT INTO `npc_gossip` VALUES ('95669', '12862');
INSERT INTO `npc_gossip` VALUES ('95670', '12477');
INSERT INTO `npc_gossip` VALUES ('95715', '12738');
INSERT INTO `npc_gossip` VALUES ('95779', '12527');
INSERT INTO `npc_gossip` VALUES ('95897', '13174');
INSERT INTO `npc_gossip` VALUES ('95958', '8422');
INSERT INTO `npc_gossip` VALUES ('95961', '8353');
INSERT INTO `npc_gossip` VALUES ('95963', '8357');
INSERT INTO `npc_gossip` VALUES ('95998', '13897');
INSERT INTO `npc_gossip` VALUES ('95999', '13846');
INSERT INTO `npc_gossip` VALUES ('96004', '13583');
INSERT INTO `npc_gossip` VALUES ('96026', '14161');
INSERT INTO `npc_gossip` VALUES ('96083', '12617');
INSERT INTO `npc_gossip` VALUES ('96084', '12659');
INSERT INTO `npc_gossip` VALUES ('96395', '12521');
INSERT INTO `npc_gossip` VALUES ('96396', '12525');
INSERT INTO `npc_gossip` VALUES ('96588', '11502');
INSERT INTO `npc_gossip` VALUES ('96637', '11504');
INSERT INTO `npc_gossip` VALUES ('96650', '11418');
INSERT INTO `npc_gossip` VALUES ('96737', '12740');
INSERT INTO `npc_gossip` VALUES ('96738', '12566');
INSERT INTO `npc_gossip` VALUES ('96739', '12780');
INSERT INTO `npc_gossip` VALUES ('96930', '13303');
INSERT INTO `npc_gossip` VALUES ('97051', '13124');
INSERT INTO `npc_gossip` VALUES ('97052', '13124');
INSERT INTO `npc_gossip` VALUES ('97118', '13318');
INSERT INTO `npc_gossip` VALUES ('97119', '13318');
INSERT INTO `npc_gossip` VALUES ('97120', '13318');
INSERT INTO `npc_gossip` VALUES ('97121', '13318');
INSERT INTO `npc_gossip` VALUES ('97271', '13172');
INSERT INTO `npc_gossip` VALUES ('97272', '13459');
INSERT INTO `npc_gossip` VALUES ('97736', '12580');
INSERT INTO `npc_gossip` VALUES ('97737', '12579');
INSERT INTO `npc_gossip` VALUES ('79418', '7778');
INSERT INTO `npc_gossip` VALUES ('97898', '12718');
INSERT INTO `npc_gossip` VALUES ('97899', '12678');
INSERT INTO `npc_gossip` VALUES ('97952', '12698');
INSERT INTO `npc_gossip` VALUES ('98006', '12478');
INSERT INTO `npc_gossip` VALUES ('98054', '12526');
INSERT INTO `npc_gossip` VALUES ('98081', '11293');
INSERT INTO `npc_gossip` VALUES ('98094', '11297');
INSERT INTO `npc_gossip` VALUES ('98103', '11287');
INSERT INTO `npc_gossip` VALUES ('98107', '13839');
INSERT INTO `npc_gossip` VALUES ('98108', '14042');
INSERT INTO `npc_gossip` VALUES ('98109', '13702');
INSERT INTO `npc_gossip` VALUES ('98131', '12555');
INSERT INTO `npc_gossip` VALUES ('98168', '12634');
INSERT INTO `npc_gossip` VALUES ('98174', '13328');
INSERT INTO `npc_gossip` VALUES ('98184', '14013');
INSERT INTO `npc_gossip` VALUES ('98187', '14013');
INSERT INTO `npc_gossip` VALUES ('98201', '13449');
INSERT INTO `npc_gossip` VALUES ('98202', '14013');
INSERT INTO `npc_gossip` VALUES ('98204', '14017');
INSERT INTO `npc_gossip` VALUES ('98216', '14091');
INSERT INTO `npc_gossip` VALUES ('98217', '14163');
INSERT INTO `npc_gossip` VALUES ('98232', '13572');
INSERT INTO `npc_gossip` VALUES ('98247', '13349');
INSERT INTO `npc_gossip` VALUES ('98248', '14014');
INSERT INTO `npc_gossip` VALUES ('98257', '14027');
INSERT INTO `npc_gossip` VALUES ('98260', '14027');
INSERT INTO `npc_gossip` VALUES ('98268', '13902');
INSERT INTO `npc_gossip` VALUES ('98272', '13901');
INSERT INTO `npc_gossip` VALUES ('98273', '14013');
INSERT INTO `npc_gossip` VALUES ('98274', '14013');
INSERT INTO `npc_gossip` VALUES ('98332', '12965');
INSERT INTO `npc_gossip` VALUES ('98333', '14013');
INSERT INTO `npc_gossip` VALUES ('98334', '14013');
INSERT INTO `npc_gossip` VALUES ('98371', '14027');
INSERT INTO `npc_gossip` VALUES ('98375', '14013');
INSERT INTO `npc_gossip` VALUES ('98376', '14013');
INSERT INTO `npc_gossip` VALUES ('98380', '13458');
INSERT INTO `npc_gossip` VALUES ('98395', '13979');
INSERT INTO `npc_gossip` VALUES ('98527', '13795');
INSERT INTO `npc_gossip` VALUES ('98592', '13584');
INSERT INTO `npc_gossip` VALUES ('98774', '13799');
INSERT INTO `npc_gossip` VALUES ('99344', '13176');
INSERT INTO `npc_gossip` VALUES ('99543', '13584');
INSERT INTO `npc_gossip` VALUES ('99567', '11083');
INSERT INTO `npc_gossip` VALUES ('100310', '12309');
INSERT INTO `npc_gossip` VALUES ('100739', '12507');
INSERT INTO `npc_gossip` VALUES ('102064', '8064');
INSERT INTO `npc_gossip` VALUES ('102566', '13699');
INSERT INTO `npc_gossip` VALUES ('102976', '13557');
INSERT INTO `npc_gossip` VALUES ('103356', '12389');
INSERT INTO `npc_gossip` VALUES ('103357', '12389');
INSERT INTO `npc_gossip` VALUES ('103358', '12389');
INSERT INTO `npc_gossip` VALUES ('103359', '12389');
INSERT INTO `npc_gossip` VALUES ('103360', '12389');
INSERT INTO `npc_gossip` VALUES ('103361', '12389');
INSERT INTO `npc_gossip` VALUES ('103362', '12389');
INSERT INTO `npc_gossip` VALUES ('103363', '12389');
INSERT INTO `npc_gossip` VALUES ('103364', '12389');
INSERT INTO `npc_gossip` VALUES ('103365', '12389');
INSERT INTO `npc_gossip` VALUES ('103366', '12389');
INSERT INTO `npc_gossip` VALUES ('103367', '12389');
INSERT INTO `npc_gossip` VALUES ('103368', '12389');
INSERT INTO `npc_gossip` VALUES ('103369', '12389');
INSERT INTO `npc_gossip` VALUES ('103370', '12389');
INSERT INTO `npc_gossip` VALUES ('103371', '12389');
INSERT INTO `npc_gossip` VALUES ('103372', '12389');
INSERT INTO `npc_gossip` VALUES ('103820', '13022');
INSERT INTO `npc_gossip` VALUES ('104471', '13740');
INSERT INTO `npc_gossip` VALUES ('105028', '13790');
INSERT INTO `npc_gossip` VALUES ('105201', '13584');
INSERT INTO `npc_gossip` VALUES ('105220', '14203');
INSERT INTO `npc_gossip` VALUES ('105772', '14205');
INSERT INTO `npc_gossip` VALUES ('106233', '12179');
INSERT INTO `npc_gossip` VALUES ('106494', '13009');
INSERT INTO `npc_gossip` VALUES ('106959', '13557');
INSERT INTO `npc_gossip` VALUES ('106981', '12178');
INSERT INTO `npc_gossip` VALUES ('108277', '12912');
INSERT INTO `npc_gossip` VALUES ('108468', '12909');
INSERT INTO `npc_gossip` VALUES ('108764', '12811');
INSERT INTO `npc_gossip` VALUES ('110927', '13932');
INSERT INTO `npc_gossip` VALUES ('112184', '14134');
INSERT INTO `npc_gossip` VALUES ('112411', '14013');
INSERT INTO `npc_gossip` VALUES ('113380', '13018');
INSERT INTO `npc_gossip` VALUES ('113381', '13018');
INSERT INTO `npc_gossip` VALUES ('113382', '13018');
INSERT INTO `npc_gossip` VALUES ('113383', '13018');
INSERT INTO `npc_gossip` VALUES ('113384', '13018');
INSERT INTO `npc_gossip` VALUES ('113385', '13018');
INSERT INTO `npc_gossip` VALUES ('113386', '13018');
INSERT INTO `npc_gossip` VALUES ('113387', '13018');
INSERT INTO `npc_gossip` VALUES ('113388', '13018');
INSERT INTO `npc_gossip` VALUES ('113389', '13018');
INSERT INTO `npc_gossip` VALUES ('113662', '12857');
INSERT INTO `npc_gossip` VALUES ('116568', '12423');
INSERT INTO `npc_gossip` VALUES ('116716', '12174');
INSERT INTO `npc_gossip` VALUES ('116718', '12176');
INSERT INTO `npc_gossip` VALUES ('116719', '12636');
INSERT INTO `npc_gossip` VALUES ('116720', '11436');
INSERT INTO `npc_gossip` VALUES ('116922', '11362');
INSERT INTO `npc_gossip` VALUES ('116989', '12112');
INSERT INTO `npc_gossip` VALUES ('117143', '12753');
INSERT INTO `npc_gossip` VALUES ('117146', '13031');
INSERT INTO `npc_gossip` VALUES ('117166', '12850');
INSERT INTO `npc_gossip` VALUES ('117210', '13504');
INSERT INTO `npc_gossip` VALUES ('117211', '12966');
INSERT INTO `npc_gossip` VALUES ('117219', '12663');
INSERT INTO `npc_gossip` VALUES ('117223', '12435');
INSERT INTO `npc_gossip` VALUES ('117247', '12173');
INSERT INTO `npc_gossip` VALUES ('117252', '12120');
INSERT INTO `npc_gossip` VALUES ('117254', '12186');
INSERT INTO `npc_gossip` VALUES ('117312', '11858');
INSERT INTO `npc_gossip` VALUES ('117314', '12082');
INSERT INTO `npc_gossip` VALUES ('117316', '11808');
INSERT INTO `npc_gossip` VALUES ('117334', '12538');
INSERT INTO `npc_gossip` VALUES ('117336', '12530');
INSERT INTO `npc_gossip` VALUES ('117441', '11673');
INSERT INTO `npc_gossip` VALUES ('117476', '12706');
INSERT INTO `npc_gossip` VALUES ('117522', '12758');
INSERT INTO `npc_gossip` VALUES ('117554', '13089');
INSERT INTO `npc_gossip` VALUES ('117655', '12721');
INSERT INTO `npc_gossip` VALUES ('117705', '12906');
INSERT INTO `npc_gossip` VALUES ('117713', '12859');
INSERT INTO `npc_gossip` VALUES ('117714', '12859');
INSERT INTO `npc_gossip` VALUES ('117715', '12859');
INSERT INTO `npc_gossip` VALUES ('117716', '12859');
INSERT INTO `npc_gossip` VALUES ('117717', '12859');
INSERT INTO `npc_gossip` VALUES ('117718', '12859');
INSERT INTO `npc_gossip` VALUES ('117719', '12859');
INSERT INTO `npc_gossip` VALUES ('117720', '12859');
INSERT INTO `npc_gossip` VALUES ('117721', '12859');
INSERT INTO `npc_gossip` VALUES ('117722', '12859');
INSERT INTO `npc_gossip` VALUES ('117723', '12859');
INSERT INTO `npc_gossip` VALUES ('117724', '12859');
INSERT INTO `npc_gossip` VALUES ('117725', '12859');
INSERT INTO `npc_gossip` VALUES ('117726', '12859');
INSERT INTO `npc_gossip` VALUES ('117727', '12859');
INSERT INTO `npc_gossip` VALUES ('117728', '12859');
INSERT INTO `npc_gossip` VALUES ('117729', '12858');
INSERT INTO `npc_gossip` VALUES ('117730', '12858');
INSERT INTO `npc_gossip` VALUES ('117731', '12858');
INSERT INTO `npc_gossip` VALUES ('117732', '12858');
INSERT INTO `npc_gossip` VALUES ('117733', '12858');
INSERT INTO `npc_gossip` VALUES ('117735', '12858');
INSERT INTO `npc_gossip` VALUES ('117736', '12858');
INSERT INTO `npc_gossip` VALUES ('117737', '12858');
INSERT INTO `npc_gossip` VALUES ('117738', '12856');
INSERT INTO `npc_gossip` VALUES ('117739', '12856');
INSERT INTO `npc_gossip` VALUES ('117740', '12856');
INSERT INTO `npc_gossip` VALUES ('117742', '12856');
INSERT INTO `npc_gossip` VALUES ('117743', '12856');
INSERT INTO `npc_gossip` VALUES ('117744', '12856');
INSERT INTO `npc_gossip` VALUES ('117745', '12860');
INSERT INTO `npc_gossip` VALUES ('117746', '12860');
INSERT INTO `npc_gossip` VALUES ('117747', '12860');
INSERT INTO `npc_gossip` VALUES ('117748', '12860');
INSERT INTO `npc_gossip` VALUES ('117749', '12860');
INSERT INTO `npc_gossip` VALUES ('117750', '12860');
INSERT INTO `npc_gossip` VALUES ('117751', '12860');
INSERT INTO `npc_gossip` VALUES ('117752', '12860');
INSERT INTO `npc_gossip` VALUES ('117753', '12860');
INSERT INTO `npc_gossip` VALUES ('117754', '12860');
INSERT INTO `npc_gossip` VALUES ('117755', '12860');
INSERT INTO `npc_gossip` VALUES ('117756', '12860');
INSERT INTO `npc_gossip` VALUES ('117757', '12860');
INSERT INTO `npc_gossip` VALUES ('117949', '12666');
INSERT INTO `npc_gossip` VALUES ('118080', '12626');
INSERT INTO `npc_gossip` VALUES ('118415', '12388');
INSERT INTO `npc_gossip` VALUES ('118416', '12388');
INSERT INTO `npc_gossip` VALUES ('118417', '12388');
INSERT INTO `npc_gossip` VALUES ('118418', '12388');
INSERT INTO `npc_gossip` VALUES ('118419', '12388');
INSERT INTO `npc_gossip` VALUES ('118420', '12388');
INSERT INTO `npc_gossip` VALUES ('118421', '12388');
INSERT INTO `npc_gossip` VALUES ('118422', '12388');
INSERT INTO `npc_gossip` VALUES ('118423', '12388');
INSERT INTO `npc_gossip` VALUES ('118424', '12388');
INSERT INTO `npc_gossip` VALUES ('118535', '13628');
INSERT INTO `npc_gossip` VALUES ('118536', '13615');
INSERT INTO `npc_gossip` VALUES ('118539', '13658');
INSERT INTO `npc_gossip` VALUES ('118542', '13619');
INSERT INTO `npc_gossip` VALUES ('118874', '12777');
INSERT INTO `npc_gossip` VALUES ('118943', '13180');
INSERT INTO `npc_gossip` VALUES ('119573', '13034');
INSERT INTO `npc_gossip` VALUES ('119623', '12999');
INSERT INTO `npc_gossip` VALUES ('119625', '13011');
INSERT INTO `npc_gossip` VALUES ('119645', '13019');
INSERT INTO `npc_gossip` VALUES ('119725', '12694');
INSERT INTO `npc_gossip` VALUES ('119726', '13445');
INSERT INTO `npc_gossip` VALUES ('120292', '12668');
INSERT INTO `npc_gossip` VALUES ('120293', '12667');
INSERT INTO `npc_gossip` VALUES ('120390', '12707');
INSERT INTO `npc_gossip` VALUES ('120461', '13519');
INSERT INTO `npc_gossip` VALUES ('120464', '13261');
INSERT INTO `npc_gossip` VALUES ('120609', '12752');
INSERT INTO `npc_gossip` VALUES ('120663', '13173');
INSERT INTO `npc_gossip` VALUES ('121097', '13896');
INSERT INTO `npc_gossip` VALUES ('121131', '9626');
INSERT INTO `npc_gossip` VALUES ('121143', '11473');
INSERT INTO `npc_gossip` VALUES ('121147', '11477');
INSERT INTO `npc_gossip` VALUES ('123663', '8538');
INSERT INTO `npc_gossip` VALUES ('123665', '8539');
INSERT INTO `npc_gossip` VALUES ('123730', '8125');
INSERT INTO `npc_gossip` VALUES ('123731', '8798');
INSERT INTO `npc_gossip` VALUES ('123746', '8458');
INSERT INTO `npc_gossip` VALUES ('123747', '8787');
INSERT INTO `npc_gossip` VALUES ('123875', '8462');
INSERT INTO `npc_gossip` VALUES ('123891', '8805');
INSERT INTO `npc_gossip` VALUES ('123910', '8846');
INSERT INTO `npc_gossip` VALUES ('124446', '7933');
INSERT INTO `npc_gossip` VALUES ('124553', '7933');
INSERT INTO `npc_gossip` VALUES ('124557', '7933');
INSERT INTO `npc_gossip` VALUES ('124559', '7933');
INSERT INTO `npc_gossip` VALUES ('124566', '7935');
INSERT INTO `npc_gossip` VALUES ('124575', '7956');
INSERT INTO `npc_gossip` VALUES ('124580', '7956');
INSERT INTO `npc_gossip` VALUES ('124583', '7956');
INSERT INTO `npc_gossip` VALUES ('124587', '8131');
INSERT INTO `npc_gossip` VALUES ('124588', '8133');
INSERT INTO `npc_gossip` VALUES ('124589', '8127');
INSERT INTO `npc_gossip` VALUES ('124591', '8202');
INSERT INTO `npc_gossip` VALUES ('124592', '8205');
INSERT INTO `npc_gossip` VALUES ('124628', '10926');
INSERT INTO `npc_gossip` VALUES ('124629', '11029');
INSERT INTO `npc_gossip` VALUES ('124632', '10800');
INSERT INTO `npc_gossip` VALUES ('124633', '10797');
INSERT INTO `npc_gossip` VALUES ('124653', '10841');
INSERT INTO `npc_gossip` VALUES ('124654', '10907');
INSERT INTO `npc_gossip` VALUES ('124669', '10906');
INSERT INTO `npc_gossip` VALUES ('124670', '10923');
INSERT INTO `npc_gossip` VALUES ('124671', '11056');
INSERT INTO `npc_gossip` VALUES ('124674', '11094');
INSERT INTO `npc_gossip` VALUES ('125109', '11797');
INSERT INTO `npc_gossip` VALUES ('125117', '11309');
INSERT INTO `npc_gossip` VALUES ('125118', '11311');
INSERT INTO `npc_gossip` VALUES ('125122', '12334');
INSERT INTO `npc_gossip` VALUES ('125123', '11281');
INSERT INTO `npc_gossip` VALUES ('125127', '11128');
INSERT INTO `npc_gossip` VALUES ('125138', '11403');
INSERT INTO `npc_gossip` VALUES ('125157', '7778');
INSERT INTO `npc_gossip` VALUES ('125182', '7778');
INSERT INTO `npc_gossip` VALUES ('125533', '8139');
INSERT INTO `npc_gossip` VALUES ('125534', '8139');
INSERT INTO `npc_gossip` VALUES ('125535', '8139');
INSERT INTO `npc_gossip` VALUES ('125536', '8139');
INSERT INTO `npc_gossip` VALUES ('125537', '8139');
INSERT INTO `npc_gossip` VALUES ('125538', '8139');
INSERT INTO `npc_gossip` VALUES ('125539', '8139');
INSERT INTO `npc_gossip` VALUES ('125540', '8139');
INSERT INTO `npc_gossip` VALUES ('125541', '8139');
INSERT INTO `npc_gossip` VALUES ('125542', '8139');
INSERT INTO `npc_gossip` VALUES ('125543', '8139');
INSERT INTO `npc_gossip` VALUES ('125544', '8139');
INSERT INTO `npc_gossip` VALUES ('125545', '8139');
INSERT INTO `npc_gossip` VALUES ('125546', '8139');
INSERT INTO `npc_gossip` VALUES ('125547', '8139');
INSERT INTO `npc_gossip` VALUES ('125548', '8139');
INSERT INTO `npc_gossip` VALUES ('125549', '8139');
INSERT INTO `npc_gossip` VALUES ('125550', '8139');
INSERT INTO `npc_gossip` VALUES ('125551', '8139');
INSERT INTO `npc_gossip` VALUES ('125552', '8139');
INSERT INTO `npc_gossip` VALUES ('125553', '8139');
INSERT INTO `npc_gossip` VALUES ('125554', '8139');
INSERT INTO `npc_gossip` VALUES ('125555', '8139');
INSERT INTO `npc_gossip` VALUES ('125556', '8139');
INSERT INTO `npc_gossip` VALUES ('125557', '8139');
INSERT INTO `npc_gossip` VALUES ('125558', '8139');
INSERT INTO `npc_gossip` VALUES ('125559', '8139');
INSERT INTO `npc_gossip` VALUES ('125560', '8139');
INSERT INTO `npc_gossip` VALUES ('125561', '8139');
INSERT INTO `npc_gossip` VALUES ('125562', '8139');
INSERT INTO `npc_gossip` VALUES ('125563', '8139');
INSERT INTO `npc_gossip` VALUES ('125564', '8139');
INSERT INTO `npc_gossip` VALUES ('125565', '8139');
INSERT INTO `npc_gossip` VALUES ('125566', '8139');
INSERT INTO `npc_gossip` VALUES ('125567', '8139');
INSERT INTO `npc_gossip` VALUES ('125568', '8139');
INSERT INTO `npc_gossip` VALUES ('125569', '8139');
INSERT INTO `npc_gossip` VALUES ('125570', '8139');
INSERT INTO `npc_gossip` VALUES ('125571', '8139');
INSERT INTO `npc_gossip` VALUES ('125572', '8139');
INSERT INTO `npc_gossip` VALUES ('125573', '8139');
INSERT INTO `npc_gossip` VALUES ('125574', '8139');
INSERT INTO `npc_gossip` VALUES ('125575', '8139');
INSERT INTO `npc_gossip` VALUES ('125576', '8139');
INSERT INTO `npc_gossip` VALUES ('125577', '8139');
INSERT INTO `npc_gossip` VALUES ('125578', '8139');
INSERT INTO `npc_gossip` VALUES ('125579', '8139');
INSERT INTO `npc_gossip` VALUES ('125580', '8139');
INSERT INTO `npc_gossip` VALUES ('125581', '6194');
INSERT INTO `npc_gossip` VALUES ('125582', '6194');
INSERT INTO `npc_gossip` VALUES ('125586', '8076');
INSERT INTO `npc_gossip` VALUES ('125587', '10745');
INSERT INTO `npc_gossip` VALUES ('125600', '10877');
INSERT INTO `npc_gossip` VALUES ('125639', '5004');
INSERT INTO `npc_gossip` VALUES ('125653', '11234');
INSERT INTO `npc_gossip` VALUES ('125893', '7390');
INSERT INTO `npc_gossip` VALUES ('126115', '9193');
INSERT INTO `npc_gossip` VALUES ('126119', '7390');
INSERT INTO `npc_gossip` VALUES ('126499', '12162');
INSERT INTO `npc_gossip` VALUES ('126526', '2193');
INSERT INTO `npc_gossip` VALUES ('126527', '7781');
INSERT INTO `npc_gossip` VALUES ('126528', '7787');
INSERT INTO `npc_gossip` VALUES ('126529', '7786');
INSERT INTO `npc_gossip` VALUES ('67287', '11956');
INSERT INTO `npc_gossip` VALUES ('126533', '10752');
INSERT INTO `npc_gossip` VALUES ('126563', '11189');
INSERT INTO `npc_gossip` VALUES ('126598', '4445');
INSERT INTO `npc_gossip` VALUES ('126626', '11064');
INSERT INTO `npc_gossip` VALUES ('126627', '11064');
INSERT INTO `npc_gossip` VALUES ('126628', '11064');
INSERT INTO `npc_gossip` VALUES ('126629', '11064');
INSERT INTO `npc_gossip` VALUES ('126630', '11064');
INSERT INTO `npc_gossip` VALUES ('126631', '11064');
INSERT INTO `npc_gossip` VALUES ('126632', '10936');
INSERT INTO `npc_gossip` VALUES ('126731', '7780');
INSERT INTO `npc_gossip` VALUES ('126732', '10025');
INSERT INTO `npc_gossip` VALUES ('126774', '5836');
INSERT INTO `npc_gossip` VALUES ('126786', '10025');
INSERT INTO `npc_gossip` VALUES ('126791', '9981');
INSERT INTO `npc_gossip` VALUES ('126801', '4445');
INSERT INTO `npc_gossip` VALUES ('126829', '7881');
INSERT INTO `npc_gossip` VALUES ('126869', '11008');
INSERT INTO `npc_gossip` VALUES ('126870', '10976');
INSERT INTO `npc_gossip` VALUES ('126871', '10967');
INSERT INTO `npc_gossip` VALUES ('126872', '11000');
INSERT INTO `npc_gossip` VALUES ('126875', '11026');
INSERT INTO `npc_gossip` VALUES ('126881', '11714');
INSERT INTO `npc_gossip` VALUES ('126896', '10634');
INSERT INTO `npc_gossip` VALUES ('127100', '11059');
INSERT INTO `npc_gossip` VALUES ('127266', '11030');
INSERT INTO `npc_gossip` VALUES ('127279', '933');
INSERT INTO `npc_gossip` VALUES ('127281', '933');
INSERT INTO `npc_gossip` VALUES ('127331', '2593');
INSERT INTO `npc_gossip` VALUES ('127332', '2593');
INSERT INTO `npc_gossip` VALUES ('127333', '2593');
INSERT INTO `npc_gossip` VALUES ('127334', '2593');
INSERT INTO `npc_gossip` VALUES ('98255', '14065');
INSERT INTO `npc_gossip` VALUES ('120662', '14180');
INSERT INTO `npc_gossip` VALUES ('68114', '11956');
INSERT INTO `npc_gossip` VALUES ('68148', '11956');
INSERT INTO `npc_gossip` VALUES ('67312', '11956');
INSERT INTO `npc_gossip` VALUES ('130829', '11966');
INSERT INTO `npc_gossip` VALUES ('130828', '11966');
INSERT INTO `npc_gossip` VALUES ('130827', '11966');
INSERT INTO `npc_gossip` VALUES ('84744', '11966');
INSERT INTO `npc_gossip` VALUES ('76657', '12134');
INSERT INTO `npc_gossip` VALUES ('75843', '12134');
INSERT INTO `npc_gossip` VALUES ('76656', '12134');
INSERT INTO `npc_gossip` VALUES ('74752', '12134');
INSERT INTO `npc_gossip` VALUES ('78739', '9688');
INSERT INTO `npc_gossip` VALUES ('130841', '9962');
INSERT INTO `npc_gossip` VALUES ('56098', '9962');
INSERT INTO `npc_gossip` VALUES ('78738', '9962');
INSERT INTO `npc_gossip` VALUES ('112644', '12846');
INSERT INTO `npc_gossip` VALUES ('117852', '12795');
INSERT INTO `npc_gossip` VALUES ('130870', '9962');
INSERT INTO `npc_gossip` VALUES ('130871', '9962');
INSERT INTO `npc_gossip` VALUES ('97740', '8125');
INSERT INTO `npc_gossip` VALUES ('747', '8125');
INSERT INTO `npc_gossip` VALUES ('131554', '8125');
INSERT INTO `npc_gossip` VALUES ('131555', '8125');
INSERT INTO `npc_gossip` VALUES ('131556', '8125');
INSERT INTO `npc_gossip` VALUES ('131557', '8125');
INSERT INTO `npc_gossip` VALUES ('131558', '8125');
INSERT INTO `npc_gossip` VALUES ('135162', '16001');
INSERT INTO `npc_gossip` VALUES ('135161', '16000');
INSERT INTO `npc_gossip` VALUES ('104413', '13611');
INSERT INTO `npc_gossip` VALUES ('104414', '13611');
INSERT INTO `npc_gossip` VALUES ('104415', '13611');
INSERT INTO `npc_gossip` VALUES ('104416', '13611');
INSERT INTO `npc_gossip` VALUES ('48304', '14543');
INSERT INTO `npc_gossip` VALUES ('48305', '14543');
INSERT INTO `npc_gossip` VALUES ('48306', '14543');
INSERT INTO `npc_gossip` VALUES ('48307', '14543');
INSERT INTO `npc_gossip` VALUES ('48308', '14543');
INSERT INTO `npc_gossip` VALUES ('48309', '14543');
